Name,Location,Award,Description,Website
Aponiente,"El Puerto de Santa María, Cádiz, Spain",3 Soles,,
Bagá,"Jaén, Jaén, Spain",3 Soles,,
Noor,"Córdoba, Córdoba, Spain",3 Soles,,
El Rincón de Juan Carlos,"Adeje, Santa Cruz de Tenerife, Spain",3 Soles,,
Cenador de Amós,"Villaverde de Pontones, Cantabria, Spain",3 Soles,,
Iván Cerdeño - Cigarral del Ángel,"Toledo, Toledo, Spain",3 Soles,,
Maralba,"Almansa, Albacete, Spain",3 Soles,,
ABaC,"Barcelona, Barcelona, Spain",3 Soles,,
Alkimia,"Barcelona, Barcelona, Spain",3 Soles,,
Can Jubany,"Calldetenes, Barcelona, Spain",3 Soles,,
Cocina Hermanos Torres,"Barcelona, Barcelona, Spain",3 Soles,,
Disfrutar,"Barcelona, Barcelona, Spain",3 Soles,,
El Celler de Can Roca,"Girona, Girona/Gerona, Spain",3 Soles,,
Lasarte,"Barcelona, Barcelona, Spain",3 Soles,,
Les Cols,"Olot, Girona/Gerona, Spain",3 Soles,,
Miramar,"Llançà, Girona/Gerona, Spain",3 Soles,,
Coque,"Madrid, Madrid, Spain",3 Soles,,
Corral de la Morería Gastronómico,"Madrid, Madrid, Spain",3 Soles,,
DiverXO,"Madrid, Madrid, Spain",3 Soles,,
DSTAgE,"Madrid, Madrid, Spain",3 Soles,,
Paco Roncero,"Madrid, Madrid, Spain",3 Soles,,
Ramón Freixa Atelier,"Madrid, Madrid, Spain",3 Soles,,
BonAmb,"Jávea/Xàbia, Alacant/Alicante, Spain",3 Soles,,
L'Escaleta,"Cocentaina, Alacant/Alicante, Spain",3 Soles,,
La Finca,"Elche/Elx, Alacant/Alicante, Spain",3 Soles,,
La Salita,"Valencia, València/Valencia, Spain",3 Soles,,
Quique Dacosta,"Dénia, Alacant/Alicante, Spain",3 Soles,,
Ricard Camarena,"Valencia, València/Valencia, Spain",3 Soles,,
Akelarre,"San Sebastián, Gipuzkoa/Guipúzcoa, Spain",3 Soles,,
Arzak,"San Sebastián, Gipuzkoa/Guipúzcoa, Spain",3 Soles,,
Azurmendi,"Larrabetzu, Bizkaia/Vizcaya, Spain",3 Soles,,
Elkano,"Getaria, Gipuzkoa/Guipúzcoa, Spain",3 Soles,,
Etxebarri,"Atxondo, Bizkaia/Vizcaya, Spain",3 Soles,,
Martín Berasategui,"Lasarte-Oria, Gipuzkoa/Guipúzcoa, Spain",3 Soles,,
Mugaritz,"Errenteria, Gipuzkoa/Guipúzcoa, Spain",3 Soles,,
Nerua Guggenheim Bilbao,"Bilbao, Bizkaia/Vizcaya, Spain",3 Soles,,
Atrio,"Cáceres, Cáceres, Spain",3 Soles,,
A Tafona,"Santiago de Compostela, Coruña, A, Spain",3 Soles,,
Casa Solla,"San Salvador de Poio, Pontevedra, Spain",3 Soles,,
Culler de Pau,"O Grove, Pontevedra, Spain",3 Soles,,
Maca de Castro,"Alcúdia, Balears/Islas Baleares, Spain",3 Soles,,
Voro,"Capdepera, Balears/Islas Baleares, Spain",3 Soles,,
El Portal de Echaurren,"Ezcaray, Rioja, La, Spain",3 Soles,,
Casa Gerardo,"Prendes, Asturias, Spain",3 Soles,,
Casa Marcial,"Arriondas, Asturias, Spain",3 Soles,,
Cabaña Buenavista,"Palmar, El, Murcia, Spain",3 Soles,,
Abantal,"Sevilla, Sevilla, Spain",2 Soles,,
Alevante,"Chiclana de la Frontera, Cádiz, Spain",2 Soles,,
Bardal,"Ronda, Málaga, Spain",2 Soles,,
Choco,"Córdoba, Córdoba, Spain",2 Soles,,
El Campero,"Barbate, Cádiz, Spain",2 Soles,,
José Carlos García,"Málaga, Málaga, Spain",2 Soles,,
Kaleja,"Málaga, Málaga, Spain",2 Soles,,
La Costa,"El Ejido, Almería, Spain",2 Soles,,
Los Marinos José,"Fuengirola, Málaga, Spain",2 Soles,,
Lú Cocina y Alma,"Jerez de la Frontera, Cádiz, Spain",2 Soles,,
Mantúa,"Jerez de la Frontera, Cádiz, Spain",2 Soles,,
Mesón Sabor Andaluz,"Alcalá del Valle, Cádiz, Spain",2 Soles,,
Sollo,"Fuengirola, Málaga, Spain",2 Soles,,
Vandelvira,"Baeza, Jaén, Spain",2 Soles,,
Callizo,"Aínsa-Sobrarbe, Huesca, Spain",2 Soles,,
La Aquarela,"Mogán, Palmas, Las, Spain",2 Soles,,
La Cúpula,"Adeje, Santa Cruz de Tenerife, Spain",2 Soles,,
M.B.,"Guía de Isora, Santa Cruz de Tenerife, Spain",2 Soles,,
Nub,"Adeje, Santa Cruz de Tenerife, Spain",2 Soles,,
Poemas by Hermanos Padrón,"Las Palmas de Gran Canaria, Palmas, Las, Spain",2 Soles,,
San Hô,"Adeje, Santa Cruz de Tenerife, Spain",2 Soles,,
Casona del Judío,"Santander, Cantabria, Spain",2 Soles,,
El Nuevo Molino,"Arce, Cantabria, Spain",2 Soles,,
La Bicicleta,"Entrambasaguas, Cantabria, Spain",2 Soles,,
Solana,"Ampuero, Cantabria, Spain",2 Soles,,
Casas Colgadas,"Cuenca, Cuenca, Spain",2 Soles,,
El Bohío,"Illescas, Toledo, Spain",2 Soles,,
El Doncel,"Sigüenza, Guadalajara, Spain",2 Soles,,
Oba-,"Casas-Ibáñez, Albacete, Spain",2 Soles,,
Ambivium,"Peñafiel, Valladolid, Spain",2 Soles,,
Cobo Evolución,"Burgos, Burgos, Spain",2 Soles,,
Cocinandos,"León, León, Spain",2 Soles,,
ConSentido,"Salamanca, Salamanca, Spain",2 Soles,,
El Capricho,"Jiménez de Jamuz, León, Spain",2 Soles,,
El Ermitaño,"Benavente, Zamora, Spain",2 Soles,,
Kamín,"León, León, Spain",2 Soles,,
La Botica de Matapozuelos,"Matapozuelos, Valladolid, Spain",2 Soles,,
La Lobita,"Navaleno, Soria, Spain",2 Soles,,
Lera,"Castroverde de Campos, Zamora, Spain",2 Soles,,
Pablo,"León, León, Spain",2 Soles,,
Refectorio,"Sardón de Duero, Valladolid, Spain",2 Soles,,
Rivas,"Vega de Tirados, Salamanca, Spain",2 Soles,,
Trigo,"Valladolid, Valladolid, Spain",2 Soles,,
Víctor Gutiérrez,"Salamanca, Salamanca, Spain",2 Soles,,
Angle,"Barcelona, Barcelona, Spain",2 Soles,,
AÜRT,"Barcelona, Barcelona, Spain",2 Soles,,
Bo.TiC,"Corçà, Girona/Gerona, Spain",2 Soles,,
Caelis,"Barcelona, Barcelona, Spain",2 Soles,,
Ca l'Enric,"La Vall de Bianya, Girona/Gerona, Spain",2 Soles,,
Candlelight -  Romain Fornell,"S'Agaró, Girona/Gerona, Spain",2 Soles,,
Castell Peralada,"Peralada, Girona/Gerona, Spain",2 Soles,,
Cinc Sentits,"Barcelona, Barcelona, Spain",2 Soles,,
Compartir Cadaqués,"Cadaqués, Girona/Gerona, Spain",2 Soles,,
Coure,"Barcelona, Barcelona, Spain",2 Soles,,
Dos Palillos,"Barcelona, Barcelona, Spain",2 Soles,,
Els Casals,"Sagàs, Barcelona, Spain",2 Soles,,
Els Tinars,"Llagostera, Girona/Gerona, Spain",2 Soles,,
Empòrium,"Castelló d'Empúries (Castellón de Ampurias), Girona/Gerona, Spain",2 Soles,,
Enigma,"Barcelona, Barcelona, Spain",2 Soles,,
Enoteca - Paco Pérez,"Barcelona, Barcelona, Spain",2 Soles,,
Esperit Roca,"Girona, Girona/Gerona, Spain",2 Soles,,
Estimar - Rafa Zafra,"Barcelona, Barcelona, Spain",2 Soles,,
Gresca,"Barcelona, Barcelona, Spain",2 Soles,,
Hisop,"Barcelona, Barcelona, Spain",2 Soles,,
Koy Shunka,"Barcelona, Barcelona, Spain",2 Soles,,
L'Aliança d'Anglès,"Anglès, Girona/Gerona, Spain",2 Soles,,
La Boscana,"Bellvís, Lleida/Lérida, Spain",2 Soles,,
Les Moles,"Ulldecona, Tarragona, Spain",2 Soles,,
Lluerna,"Santa Coloma de Gramenet, Barcelona, Spain",2 Soles,,
Massana,"Girona, Girona/Gerona, Spain",2 Soles,,
Moments,"Barcelona, Barcelona, Spain",2 Soles,,
Via Veneto,"Barcelona, Barcelona, Spain",2 Soles,,
Villa Retiro,"Xerta, Tarragona, Spain",2 Soles,,
Xavier Pellicer,"Barcelona, Barcelona, Spain",2 Soles,,
Alhambra,"Pamplona/Iruña, Navarra, Spain",2 Soles,,
Bidea 2,"Cizur, Navarra, Spain",2 Soles,,
Molino de Urdániz,"Urdaitz/Urdániz, Navarra, Spain",2 Soles,,
Rodero,"Pamplona/Iruña, Navarra, Spain",2 Soles,,
99 Sushi Bar NH Eurobuilding,"Madrid, Madrid, Spain",2 Soles,,
Bascoat,"Madrid, Madrid, Spain",2 Soles,,
Cebo,"Madrid, Madrid, Spain",2 Soles,,
Chirón,"Valdemoro, Madrid, Spain",2 Soles,,
Deessa,"Madrid, Madrid, Spain",2 Soles,,
Desde 1911,"Madrid, Madrid, Spain",2 Soles,,
El Invernadero de Rodrigo de la Calle,"Madrid, Madrid, Spain",2 Soles,,
El Paraguas,"Madrid, Madrid, Spain",2 Soles,,
Estimar,"Madrid, Madrid, Spain",2 Soles,,
Gofio,"Madrid, Madrid, Spain",2 Soles,,
Horcher,"Madrid, Madrid, Spain",2 Soles,,
Kappo,"Madrid, Madrid, Spain",2 Soles,,
Lakasa,"Madrid, Madrid, Spain",2 Soles,,
Lana,"Madrid, Madrid, Spain",2 Soles,,
La Tasquería,"Madrid, Madrid, Spain",2 Soles,,
La Tasquita de Enfrente,"Madrid, Madrid, Spain",2 Soles,,
Le Bistroman Atelier,"Madrid, Madrid, Spain",2 Soles,,
Montia,"San Lorenzo de El Escorial, Madrid, Spain",2 Soles,,
O'Pazo,"Madrid, Madrid, Spain",2 Soles,,
OSA,"Madrid, Madrid, Spain",2 Soles,,
Ricardo Sanz Wellington,"Madrid, Madrid, Spain",2 Soles,,
Sacha,"Madrid, Madrid, Spain",2 Soles,,
Saddle,"Madrid, Madrid, Spain",2 Soles,,
Smoked Room,"Madrid, Madrid, Spain",2 Soles,,
Ugo Chan,"Madrid, Madrid, Spain",2 Soles,,
VelascoAbellà,"Madrid, Madrid, Spain",2 Soles,,
Verdejo,"Madrid, Madrid, Spain",2 Soles,,
Atalaya,"Alcossebre, Castelló/Castellón, Spain",2 Soles,,
Beat,"Calp, Alacant/Alicante, Spain",2 Soles,,
Cal Paradís,"Vall d'Alba, Castelló/Castellón, Spain",2 Soles,,
Casa Manolo,"Daimús, València/Valencia, Spain",2 Soles,,
Casa Pepa,"Ondara, Alacant/Alicante, Spain",2 Soles,,
Fierro,"Valencia, València/Valencia, Spain",2 Soles,,
La Sucursal,"Valencia, València/Valencia, Spain",2 Soles,,
Nou Manolín,"Alicante/Alacant, Alacant/Alicante, Spain",2 Soles,,
Peix i Brases,"Dénia, Alacant/Alicante, Spain",2 Soles,,
Raúl Resino,"Benicarló, Castelló/Castellón, Spain",2 Soles,,
RiFF,"Valencia, València/Valencia, Spain",2 Soles,,
Saiti,"Valencia, València/Valencia, Spain",2 Soles,,
Tula,"Jávea/Xàbia, Alacant/Alicante, Spain",2 Soles,,
Alameda,"Hondarribia, Gipuzkoa/Guipúzcoa, Spain",2 Soles,,
AMA Tolosa,"Tolosa, Gipuzkoa/Guipúzcoa, Spain",2 Soles,,
Andra Mari,"Galdakao, Bizkaia/Vizcaya, Spain",2 Soles,,
Arrea!,"Campezo/Kanpezu, Araba/Álava, Spain",2 Soles,,
Atelier Etxanobe,"Bilbao, Bizkaia/Vizcaya, Spain",2 Soles,,
Bakea,"Mungia, Bizkaia/Vizcaya, Spain",2 Soles,,
Bodega Katxiña,"Orio, Gipuzkoa/Guipúzcoa, Spain",2 Soles,,
Boroa,"Amorebieta-Etxano, Bizkaia/Vizcaya, Spain",2 Soles,,
Casa Julián - Matías Gorrotxategi,"Tolosa, Gipuzkoa/Guipúzcoa, Spain",2 Soles,,
Casa Urola,"San Sebastián, Gipuzkoa/Guipúzcoa, Spain",2 Soles,,
Garena,"Dima, Bizkaia/Vizcaya, Spain",2 Soles,,
Hika Gastronomiko,"Villabona, Gipuzkoa/Guipúzcoa, Spain",2 Soles,,
Kaia-Kaipe,"Getaria, Gipuzkoa/Guipúzcoa, Spain",2 Soles,,
Kokotxa,"San Sebastián, Gipuzkoa/Guipúzcoa, Spain",2 Soles,,
Laia Erretegia,"Hondarribia, Gipuzkoa/Guipúzcoa, Spain",2 Soles,,
Mina,"Bilbao, Bizkaia/Vizcaya, Spain",2 Soles,,
Mirador de Ulía,"San Sebastián, Gipuzkoa/Guipúzcoa, Spain",2 Soles,,
Narru,"San Sebastián, Gipuzkoa/Guipúzcoa, Spain",2 Soles,,
Rekondo,"San Sebastián, Gipuzkoa/Guipúzcoa, Spain",2 Soles,,
Zarate,"Bilbao, Bizkaia/Vizcaya, Spain",2 Soles,,
Dromo,"Badajoz, Badajoz, Spain",2 Soles,,
Asador O'Pazo,"Padrón, Coruña, A, Spain",2 Soles,,
As Garzas,"Malpica de Bergantiños, Coruña, A, Spain",2 Soles,,
Bido,"A Coruña, Coruña, A, Spain",2 Soles,,
D'Berto,"O Grove, Pontevedra, Spain",2 Soles,,
España,"Lugo, Lugo, Spain",2 Soles,,
Maruja Limón,"Vigo, Pontevedra, Spain",2 Soles,,
Nito,"Viveiro, Lugo, Spain",2 Soles,,
O Camiño do Inglés,"Ferrol, Coruña, A, Spain",2 Soles,,
Pepe Vieira,"Raxó-Poio, Pontevedra, Spain",2 Soles,,
Retiro da Costiña,"Santa Comba, Coruña, A, Spain",2 Soles,,
Yayo Daporta,"Cambados, Pontevedra, Spain",2 Soles,,
Árbore da Veira,"A Coruña, Coruña, A, Spain",2 Soles,,
Andreu Genestra,"Llucmajor, Balears/Islas Baleares, Spain",2 Soles,,
Béns d'Avall,"Sóller, Balears/Islas Baleares, Spain",2 Soles,,
DINS Santi Taura,"Lloseta, Balears/Islas Baleares, Spain",2 Soles,,
El Olivo,"Deià, Balears/Islas Baleares, Spain",2 Soles,,
La Fortaleza,"Llucmajor, Balears/Islas Baleares, Spain",2 Soles,,
La Gaia Ibiza,"Eivissa/Ibiza, Balears/Islas Baleares, Spain",2 Soles,,
Alameda,"Fuenmayor, Rioja, La, Spain",2 Soles,,
Ikaro,"Logroño, Rioja, La, Spain",2 Soles,,
Kiro Sushi,"Logroño, Rioja, La, Spain",2 Soles,,
Nublo,"Haro, Rioja, La, Spain",2 Soles,,
Venta Moncalvillo,"Daroca de Rioja, Rioja, La, Spain",2 Soles,,
Auga,"Gijón, Asturias, Spain",2 Soles,,
Casa Fermín,"Oviedo, Asturias, Spain",2 Soles,,
El Corral del Indianu,"Arriondas, Asturias, Spain",2 Soles,,
El Retiro,"Pancar, Asturias, Spain",2 Soles,,
La Huertona,"Ribadesella, Asturias, Spain",2 Soles,,
Real Balneario,"Salinas, Asturias, Spain",2 Soles,,
Regueiro,"Puerto de Vega, Asturias, Spain",2 Soles,,
Almo,"Murcia, Murcia, Spain",2 Soles,,
Barahonda,"Yecla, Murcia, Spain",2 Soles,,
Local de Ensayo,"Murcia, Murcia, Spain",2 Soles,,
Magoga,"Cartagena, Murcia, Spain",2 Soles,,
12 Tapas,"Castilleja de la Cuesta, Sevilla, Spain",1 Sol,,
Almocadén,"Alcaudete, Jaén, Spain",1 Sol,,
Antonio,"Zahara de los Atunes, Cádiz, Spain",1 Sol,,
Areia,"Marbella, Málaga, Spain",1 Sol,,
Arrieros,"Linares de la Sierra, Huelva, Spain",1 Sol,,
Arte de Cozina,"Antequera, Málaga, Spain",1 Sol,,
Atelier Casa de Comidas,"Granada, Granada, Spain",1 Sol,,
Atxa,"Tarifa, Cádiz, Spain",1 Sol,,
Back,"Marbella, Málaga, Spain",1 Sol,,
Beluga,"Málaga, Málaga, Spain",1 Sol,,
Blossom,"Málaga, Málaga, Spain",1 Sol,,
Cala,"Granada, Granada, Spain",1 Sol,,
Casa Bigote,"Sanlúcar de Barrameda, Cádiz, Spain",1 Sol,,
Cataria,"Chiclana de la Frontera, Cádiz, Spain",1 Sol,,
Cañabota,"Sevilla, Sevilla, Spain",1 Sol,,
Cávala,"Málaga, Málaga, Spain",1 Sol,,
Código de Barra,"Cádiz, Cádiz, Spain",1 Sol,,
Dama Juana,"Jaén, Jaén, Spain",1 Sol,,
Damasqueros,"Granada, Granada, Spain",1 Sol,,
Don Giovanni Finca Cortesín,"Casares, Málaga, Spain",1 Sol,,
El Alférez,"Vejer de la Frontera, Cádiz, Spain",1 Sol,,
El Conjuro,"Calahonda, Granada, Spain",1 Sol,,
El Faro de El Puerto,"El Puerto de Santa María, Cádiz, Spain",1 Sol,,
El Lago,"Marbella, Málaga, Spain",1 Sol,,
Ermita de la Candelaria,"Córdoba, Córdoba, Spain",1 Sol,,
Faralá,"Granada, Granada, Spain",1 Sol,,
Godoy,"Málaga, Málaga, Spain",1 Sol,,
Jaylu,"Sevilla, Sevilla, Spain",1 Sol,,
Kava,"Marbella, Málaga, Spain",1 Sol,,
Kinu Sevilla,"Sevilla, Sevilla, Spain",1 Sol,,
Kàran Bistró,"Pozoblanco, Córdoba, Spain",1 Sol,,
La Carboná,"Jerez de la Frontera, Cádiz, Spain",1 Sol,,
La Casa de Manolete Bistró,"Córdoba, Córdoba, Spain",1 Sol,,
La Castillería,"Vejer de la Frontera, Cádiz, Spain",1 Sol,,
La Cuchara de San Lorenzo,"Córdoba, Córdoba, Spain",1 Sol,,
Lalola,"Sevilla, Sevilla, Spain",1 Sol,,
La Milla,"Marbella, Málaga, Spain",1 Sol,,
La Taberna del Chef del Mar,"El Puerto de Santa María, Cádiz, Spain",1 Sol,,
Leartá,"Sevilla, Sevilla, Spain",1 Sol,,
Leña Marbella,"Marbella, Málaga, Spain",1 Sol,,
Lobito de Mar,"Marbella, Málaga, Spain",1 Sol,,
Los Sentidos,"Linares, Jaén, Spain",1 Sol,,
Malak,"Jaén, Jaén, Spain",1 Sol,,
Mare,"Cádiz, Cádiz, Spain",1 Sol,,
María de la O,"Granada, Granada, Spain",1 Sol,,
Messina,"Marbella, Málaga, Spain",1 Sol,,
Ochando,"Tocina, Sevilla, Spain",1 Sol,,
Palodú,"Málaga, Málaga, Spain",1 Sol,,
Promesa,"Málaga, Málaga, Spain",1 Sol,,
Radis,"Jaén, Jaén, Spain",1 Sol,,
ReComiendo,"Córdoba, Córdoba, Spain",1 Sol,,
Rei,"Casares, Málaga, Spain",1 Sol,,
Sobretablas,"Sevilla, Sevilla, Spain",1 Sol,,
Sr. Cangrejo,"Sevilla, Sevilla, Spain",1 Sol,,
Ta-Kumi,"Marbella, Málaga, Spain",1 Sol,,
Ta-Kumi Málaga,"Málaga, Málaga, Spain",1 Sol,,
Terra Olea,"Córdoba, Córdoba, Spain",1 Sol,,
Terraza Carmona,"Vera, Almería, Spain",1 Sol,,
Tragatá Málaga,"Málaga, Málaga, Spain",1 Sol,,
Tribeca,"Sevilla, Sevilla, Spain",1 Sol,,
Ibaya,"Canillo, Andorra, Spain",1 Sol,,
Absinthium,"Zaragoza, Zaragoza, Spain",1 Sol,,
Ansils,"Benasque, Huesca, Spain",1 Sol,,
Baudilio,"Valderrobres, Teruel, Spain",1 Sol,,
Canfranc Express,"Canfranc, Huesca, Spain",1 Sol,,
Casa Arcas,"Villanova, Huesca, Spain",1 Sol,,
Casa Rubén,"Tella-Sin, Huesca, Spain",1 Sol,,
El Batán,"Tramacastilla, Teruel, Spain",1 Sol,,
El Chalet,"Zaragoza, Zaragoza, Spain",1 Sol,,
El Portal de Albarracín,"Albarracín, Teruel, Spain",1 Sol,,
El Visco,"Fuentespalda, Teruel, Spain",1 Sol,,
Galino Pueyo,"Tardienta, Huesca, Spain",1 Sol,,
Gamberro,"Zaragoza, Zaragoza, Spain",1 Sol,,
Gente Rara,"Zaragoza, Zaragoza, Spain",1 Sol,,
Goralai,"Zaragoza, Zaragoza, Spain",1 Sol,,
La Era de los Nogales,"Sabiñánigo, Huesca, Spain",1 Sol,,
La Fábrica de Solfa,"Beceite, Teruel, Spain",1 Sol,,
La Prensa,"Zaragoza, Zaragoza, Spain",1 Sol,,
La Senda,"Zaragoza, Zaragoza, Spain",1 Sol,,
Lillas Pastia,"Huesca, Huesca, Spain",1 Sol,,
Tatau,"Huesca, Huesca, Spain",1 Sol,,
Trasiego,"Barbastro, Huesca, Spain",1 Sol,,
Vidocq,"Formigal, El, Huesca, Spain",1 Sol,,
8Aborigen,"Frontera, Santa Cruz de Tenerife, Spain",1 Sol,,
AIE,"El Sauzal, Santa Cruz de Tenerife, Spain",1 Sol,,
Casa Brito,"Arucas, Palmas, Las, Spain",1 Sol,,
Casa Osmunda,"Breña Alta, Santa Cruz de Tenerife, Spain",1 Sol,,
Casa Romántica,"Agaete, Palmas, Las, Spain",1 Sol,,
Char Fuego y Brasas,"Adeje, Santa Cruz de Tenerife, Spain",1 Sol,,
Cráter Identidad Canaria,"Adeje, Santa Cruz de Tenerife, Spain",1 Sol,,
Donaire,"Adeje, Santa Cruz de Tenerife, Spain",1 Sol,,
Dos Naifes,"Guía de Isora, Santa Cruz de Tenerife, Spain",1 Sol,,
El Equilibrista 33,"Las Palmas de Gran Canaria, Palmas, Las, Spain",1 Sol,,
El Risco,"Caleta de Famara, Palmas, Las, Spain",1 Sol,,
El Secreto de Chimiche,"Granadilla de Abona, Santa Cruz de Tenerife, Spain",1 Sol,,
El Sitio,"Tazacorte, Santa Cruz de Tenerife, Spain",1 Sol,,
El Taller Seve Díaz,"Puerto de la Cruz, Santa Cruz de Tenerife, Spain",1 Sol,,
Embarcadero,"Las Palmas de Gran Canaria, Palmas, Las, Spain",1 Sol,,
Etéreo by Pedro Nel,"Santa Cruz de Tenerife, Santa Cruz de Tenerife, Spain",1 Sol,,
Haydée by Víctor Suárez,"Adeje, Santa Cruz de Tenerife, Spain",1 Sol,,
Il Bocconcino by Royal Hideaway,"Adeje, Santa Cruz de Tenerife, Spain",1 Sol,,
Kamezí,"Playa Blanca, Palmas, Las, Spain",1 Sol,,
Kensei,"Adeje, Santa Cruz de Tenerife, Spain",1 Sol,,
Kiki,"Santa Cruz de Tenerife, Santa Cruz de Tenerife, Spain",1 Sol,,
Lajar de Bello,"Playa de las Américas, Santa Cruz de Tenerife, Spain",1 Sol,,
La Sandunga,"Tegueste, Santa Cruz de Tenerife, Spain",1 Sol,,
Lilium,"Arrecife, Palmas, Las, Spain",1 Sol,,
Los Guayres,"Mogán, Palmas, Las, Spain",1 Sol,,
Moral,"Santa Cruz de Tenerife, Santa Cruz de Tenerife, Spain",1 Sol,,
Muxgo,"Las Palmas de Gran Canaria, Palmas, Las, Spain",1 Sol,,
Nelson,"Playa de Arinaga, Palmas, Las, Spain",1 Sol,,
Palacio Ico,"Teguise, Palmas, Las, Spain",1 Sol,,
Qué Leche,"Las Palmas de Gran Canaria, Palmas, Las, Spain",1 Sol,,
Revés Bistro,"Las Palmas de Gran Canaria, Palmas, Las, Spain",1 Sol,,
Ribera del Río Miño,"Las Palmas de Gran Canaria, Palmas, Las, Spain",1 Sol,,
San Sebastián 57,"Santa Cruz de Tenerife, Santa Cruz de Tenerife, Spain",1 Sol,,
Seaside en Grand Hotel Residencia,"Maspalomas, Palmas, Las, Spain",1 Sol,,
SeBE,"Teguise, Palmas, Las, Spain",1 Sol,,
Silbo Gomero,"San Cristóbal de la Laguna, Santa Cruz de Tenerife, Spain",1 Sol,,
Tabaiba,"Las Palmas de Gran Canaria, Palmas, Las, Spain",1 Sol,,
Taste 1973,"Arona, Santa Cruz de Tenerife, Spain",1 Sol,,
Troqué,"Adeje, Santa Cruz de Tenerife, Spain",1 Sol,,
Cañadío,"Santander, Cantabria, Spain",1 Sol,,
El Remedio,"Ruiloba, Cantabria, Spain",1 Sol,,
El Serbal,"Santander, Cantabria, Spain",1 Sol,,
Emma,"Suances, Cantabria, Spain",1 Sol,,
La Bombi,"Santander, Cantabria, Spain",1 Sol,,
La Carteria,"Cartes, Cantabria, Spain",1 Sol,,
Pico Velasco,"Voto, Cantabria, Spain",1 Sol,,
Ronquillo,"Ramales de la Victoria, Cantabria, Spain",1 Sol,,
Ababol,"Albacete, Albacete, Spain",1 Sol,,
Adolfo,"Toledo, Toledo, Spain",1 Sol,,
Azafrán,"Villarrobledo, Albacete, Spain",1 Sol,,
Casa de la Sirena,"Cuenca, Cuenca, Spain",1 Sol,,
Casa Parrilla,"Las Ventas con Peña Aguilera, Toledo, Spain",1 Sol,,
Cañitas Maite,"Casas-Ibáñez, Albacete, Spain",1 Sol,,
Clandestina de Las Tendillas,"Toledo, Toledo, Spain",1 Sol,,
Coto de Quevedo Evolución,"Torre de Juan Abad, Ciudad Real, Spain",1 Sol,,
Epílogo,"Tomelloso, Ciudad Real, Spain",1 Sol,,
Essentia,"Tarancón, Cuenca, Spain",1 Sol,,
Fuentelgato,"Huerta del Marquesado, Cuenca, Spain",1 Sol,,
Las Esparteras,"Casarrubios del Monte, Toledo, Spain",1 Sol,,
Mesón Octavio,"Ciudad Real, Ciudad Real, Spain",1 Sol,,
Molino de Alcuneza,"Sigüenza, Guadalajara, Spain",1 Sol,,
Nöla,"Sigüenza, Guadalajara, Spain",1 Sol,,
Raff San Pedro,"Cuenca, Cuenca, Spain",1 Sol,,
Raíces,"Talavera de la Reina, Toledo, Spain",1 Sol,,
Retama,"Torrenueva, Ciudad Real, Spain",1 Sol,,
Tierra,"Torrico, Toledo, Spain",1 Sol,,
Víctor Sánchez-Beato,"Toledo, Toledo, Spain",1 Sol,,
Ajo de Sopas,"Palencia, Palencia, Spain",1 Sol,,
Alejandro Serrano,"Miranda de Ebro, Burgos, Spain",1 Sol,,
Alquimia Laboratorio,"Valladolid, Valladolid, Spain",1 Sol,,
Arrope,"Rueda, Valladolid, Spain",1 Sol,,
Barro,"Ávila, Ávila, Spain",1 Sol,,
Caleña,"Ávila, Ávila, Spain",1 Sol,,
Casa Duque,"Segovia, Segovia, Spain",1 Sol,,
Casa Ojeda,"Burgos, Burgos, Spain",1 Sol,,
Casa Pacheco,"Vecinos, Salamanca, Spain",1 Sol,,
Casa Silvano - Maracaibo,"Segovia, Segovia, Spain",1 Sol,,
Casa Taberna,"Pedraza, Segovia, Spain",1 Sol,,
Cepa 21,"Castrillo de Duero, Valladolid, Spain",1 Sol,,
Cocina Con Mimo,"León, León, Spain",1 Sol,,
Curioso,"Peñafiel, Valladolid, Spain",1 Sol,,
Cuzeo,"Zamora, Zamora, Spain",1 Sol,,
Don Fadrique,"Alba de Tormes, Salamanca, Spain",1 Sol,,
Dámaso,"Valladolid, Valladolid, Spain",1 Sol,,
El Almacén,"Ávila, Ávila, Spain",1 Sol,,
El Bar Valladolid,"Valladolid, Valladolid, Spain",1 Sol,,
En la Parra,"Salamanca, Salamanca, Spain",1 Sol,,
Estrella del Bajo Carrión,"Villoldo, Palencia, Spain",1 Sol,,
Hostería de los Palmeros,"Frómista, Palencia, Spain",1 Sol,,
José María,"Segovia, Segovia, Spain",1 Sol,,
La Tronera,"Villadepalos, León, Spain",1 Sol,,
Llantén,"Valladolid, Valladolid, Spain",1 Sol,,
Mesón de Cándido,"Segovia, Segovia, Spain",1 Sol,,
Muna,"Ponferrada, León, Spain",1 Sol,,
Pascua,"Salamanca, Salamanca, Spain",1 Sol,,
Reina XIV,"Real Sitio de San Ildefonso, Segovia, Spain",1 Sol,,
Ricardo Temiño,"Burgos, Burgos, Spain",1 Sol,,
Serrano,"Astorga, León, Spain",1 Sol,,
Sibaritas Klub,"Valladolid, Valladolid, Spain",1 Sol,,
Suite 22,"Valladolid, Valladolid, Spain",1 Sol,,
Taller Arzuaga,"Quintanilla de Onésimo, Valladolid, Spain",1 Sol,,
Terra Palencia,"Palencia, Palencia, Spain",1 Sol,,
Trasto,"Valladolid, Valladolid, Spain",1 Sol,,
Villa Paramesa,"Valladolid, Valladolid, Spain",1 Sol,,
Villena,"Segovia, Segovia, Spain",1 Sol,,
Virrey Palafox,"Burgo de Osma-Ciudad de Osma, Soria, Spain",1 Sol,,
1497,"Vallromanes, Barcelona, Spain",1 Sol,,
"539, Plats Forts","Puigcerdà, Girona/Gerona, Spain",1 Sol,,
Aleia,"Barcelona, Barcelona, Spain",1 Sol,,
Al Kostat,"Barcelona, Barcelona, Spain",1 Sol,,
Almadraba,"Roses, Girona/Gerona, Spain",1 Sol,,
Amar Barcelona,"Barcelona, Barcelona, Spain",1 Sol,,
AQ,"Tarragona, Tarragona, Spain",1 Sol,,
Atempo,"Barcelona, Barcelona, Spain",1 Sol,,
Besta,"Barcelona, Barcelona, Spain",1 Sol,,
Boccatti,"Vic, Barcelona, Spain",1 Sol,,
Brabo,"Barcelona, Barcelona, Spain",1 Sol,,
Ca l'Isidre,"Barcelona, Barcelona, Spain",1 Sol,,
Can Bosch,"Cambrils, Tarragona, Spain",1 Sol,,
Carballeira,"Lleida, Lleida/Lérida, Spain",1 Sol,,
Casa Irene,"Arties, Lleida/Lérida, Spain",1 Sol,,
Casamar,"Llafranc, Girona/Gerona, Spain",1 Sol,,
Casa Nova,"Sant Martí Sarroca, Barcelona, Spain",1 Sol,,
Cervus,"Reus, Tarragona, Spain",1 Sol,,
Citrus del Tancat,"Alcanar, Tarragona, Spain",1 Sol,,
COME by Paco Méndez,"Barcelona, Barcelona, Spain",1 Sol,,
Deliranto,"Salou, Tarragona, Spain",1 Sol,,
Direkte,"Barcelona, Barcelona, Spain",1 Sol,,
Divinum,"Girona, Girona/Gerona, Spain",1 Sol,,
Dos Pebrots,"Barcelona, Barcelona, Spain",1 Sol,,
Dvisi,"Palamós, Girona/Gerona, Spain",1 Sol,,
El Celler de Matadepera,"Matadepera, Barcelona, Spain",1 Sol,,
El Celler d´en Joan Pamies,"Riudoms, Tarragona, Spain",1 Sol,,
Eldelmar,"Barcelona, Barcelona, Spain",1 Sol,,
El Hogar Gallego,"Calella, Barcelona, Spain",1 Sol,,
El Motel,"Figueres, Girona/Gerona, Spain",1 Sol,,
El Portalet,"Bossòst, Lleida/Lérida, Spain",1 Sol,,
Els Brancs,"Roses, Girona/Gerona, Spain",1 Sol,,
Els Pescadors,"Barcelona, Barcelona, Spain",1 Sol,,
Els Pescadors de Llançà,"Llançà, Girona/Gerona, Spain",1 Sol,,
El Terrat,"Tarragona, Tarragona, Spain",1 Sol,,
Er Occitan,"Bossòst, Lleida/Lérida, Spain",1 Sol,,
Espacio UMA,"Barcelona, Barcelona, Spain",1 Sol,,
Eth Bistró,"Vielha, Lleida/Lérida, Spain",1 Sol,,
Ferran Cerro,"Reus, Tarragona, Spain",1 Sol,,
Fonda Sala,"Olost, Barcelona, Spain",1 Sol,,
Fontané,"Sant Julià de Ramis, Girona/Gerona, Spain",1 Sol,,
Granja Elena,"Barcelona, Barcelona, Spain",1 Sol,,
Hispania,"Arenys de Mar, Barcelona, Spain",1 Sol,,
Hofmann,"Barcelona, Barcelona, Spain",1 Sol,,
Jardín del Alma,"Barcelona, Barcelona, Spain",1 Sol,,
L'Antic Molí,"Ulldecona, Tarragona, Spain",1 Sol,,
L'Ó,"Sant Fruitós de Bages, Barcelona, Spain",1 Sol,,
La Cuina de Can Simón,"Tossa de Mar, Girona/Gerona, Spain",1 Sol,,
La Fonda Xesc,"Gombrèn, Girona/Gerona, Spain",1 Sol,,
La Taverna del Clinic,"Barcelona, Barcelona, Spain",1 Sol,,
Les Magnòlies,"Arbúcies, Girona/Gerona, Spain",1 Sol,,
Lo Paller del Coc,"Rialp, Lleida/Lérida, Spain",1 Sol,,
Malena,"Gimenells i el Pla de la Font, Lleida/Lérida, Spain",1 Sol,,
Marangels,"Sant Gregori, Girona/Gerona, Spain",1 Sol,,
Miramar,"Cambrils, Tarragona, Spain",1 Sol,,
Mont Bar,"Barcelona, Barcelona, Spain",1 Sol,,
Nairod,"Barcelona, Barcelona, Spain",1 Sol,,
Nectari,"Barcelona, Barcelona, Spain",1 Sol,,
Normal,"Girona, Girona/Gerona, Spain",1 Sol,,
Olivos Comida y Vinos,"Barcelona, Barcelona, Spain",1 Sol,,
Petit Comité Gaig,"Barcelona, Barcelona, Spain",1 Sol,,
Prodigi,"Barcelona, Barcelona, Spain",1 Sol,,
PUR,"Barcelona, Barcelona, Spain",1 Sol,,
Quatre Molins,"Cornudella de Montsant, Tarragona, Spain",1 Sol,,
QuintaForca,"Nulles, Tarragona, Spain",1 Sol,,
Quirat,"Barcelona, Barcelona, Spain",1 Sol,,
RiasKru,"Barcelona, Barcelona, Spain",1 Sol,,
Rincón de Diego,"Cambrils, Tarragona, Spain",1 Sol,,
Roig Robí,"Barcelona, Barcelona, Spain",1 Sol,,
Sato i Tanaka,"Barcelona, Barcelona, Spain",1 Sol,,
Saó by Vicenç Fajardo,"Forallac, Girona/Gerona, Spain",1 Sol,,
Sisè,"Lleida, Lleida/Lérida, Spain",1 Sol,,
Slow&Low,"Barcelona, Barcelona, Spain",1 Sol,,
Suculent,"Barcelona, Barcelona, Spain",1 Sol,,
Suto,"Barcelona, Barcelona, Spain",1 Sol,,
Tram-Tram,"Barcelona, Barcelona, Spain",1 Sol,,
Tresmacarrons,"El Masnou, Barcelona, Spain",1 Sol,,
Vicus,"Pals, Girona/Gerona, Spain",1 Sol,,
Villa Más,"Sant Feliu de Guíxols, Girona/Gerona, Spain",1 Sol,,
Voramar,"Portbou, Girona/Gerona, Spain",1 Sol,,
Windsor,"Barcelona, Barcelona, Spain",1 Sol,,
Xemei,"Barcelona, Barcelona, Spain",1 Sol,,
Xerta,"Barcelona, Barcelona, Spain",1 Sol,,
Baserriberri,"Pamplona/Iruña, Navarra, Spain",1 Sol,,
Carlos Oyarbide Bistronomiko,"San Adrián, Navarra, Spain",1 Sol,,
El Choko de Remigio,"Tudela, Navarra, Spain",1 Sol,,
Epeleta,"Lekunberri, Navarra, Spain",1 Sol,,
Europa,"Pamplona/Iruña, Navarra, Spain",1 Sol,,
Halconeras de Sancho IV,"Funes, Navarra, Spain",1 Sol,,
Kabo,"Pamplona/Iruña, Navarra, Spain",1 Sol,,
Koku,"Pamplona/Iruña, Navarra, Spain",1 Sol,,
Les Amis,"Pamplona/Iruña, Navarra, Spain",1 Sol,,
Maskarada,"Lekunberri, Navarra, Spain",1 Sol,,
Snob Cocktail&Food,"Pamplona/Iruña, Navarra, Spain",1 Sol,,
Treintaitrés,"Tudela, Navarra, Spain",1 Sol,,
Túbal,"Tafalla, Navarra, Spain",1 Sol,,
99 Sushi Bar - Hermosilla,"Madrid, Madrid, Spain",1 Sol,,
A'Barra,"Madrid, Madrid, Spain",1 Sol,,
Alabaster,"Madrid, Madrid, Spain",1 Sol,,
Amparito Roca,"Madrid, Madrid, Spain",1 Sol,,
Amós,"Madrid, Madrid, Spain",1 Sol,,
Arzábal,"Madrid, Madrid, Spain",1 Sol,,
Bancal,"Madrid, Madrid, Spain",1 Sol,,
Bistronómika,"Madrid, Madrid, Spain",1 Sol,,
Carême- Jesús del Cerro,"Aranjuez, Madrid, Spain",1 Sol,,
Casa José,"Aranjuez, Madrid, Spain",1 Sol,,
Casa Lucio,"Madrid, Madrid, Spain",1 Sol,,
Chispa Bistro,"Madrid, Madrid, Spain",1 Sol,,
Desborre,"Madrid, Madrid, Spain",1 Sol,,
Don Giovanni,"Madrid, Madrid, Spain",1 Sol,,
El Cenador de Salvador,"Moralzarzal, Madrid, Spain",1 Sol,,
El Gran Asador Lecanda,"Madrid, Madrid, Spain",1 Sol,,
El Mesón de Doña Filo,"Colmenar del Arroyo, Madrid, Spain",1 Sol,,
El Señor Martín,"Madrid, Madrid, Spain",1 Sol,,
EMi,"Madrid, Madrid, Spain",1 Sol,,
Fismuler,"Madrid, Madrid, Spain",1 Sol,,
Gaman - Luis Arévalo,"Madrid, Madrid, Spain",1 Sol,,
Gaytán,"Madrid, Madrid, Spain",1 Sol,,
Haramboure,"Madrid, Madrid, Spain",1 Sol,,
Ikigai,"Madrid, Madrid, Spain",1 Sol,,
Kabuki Madrid,"Madrid, Madrid, Spain",1 Sol,,
Kuoco,"Madrid, Madrid, Spain",1 Sol,,
Kyoshi,"Madrid, Madrid, Spain",1 Sol,,
La Bien Aparecida,"Madrid, Madrid, Spain",1 Sol,,
La Buena Vida,"Madrid, Madrid, Spain",1 Sol,,
La Casa de Manolo Franco,"Valdemorillo, Madrid, Spain",1 Sol,,
La Catapa,"Madrid, Madrid, Spain",1 Sol,,
La Llorería,"Madrid, Madrid, Spain",1 Sol,,
La Manduca de Azagra,"Madrid, Madrid, Spain",1 Sol,,
La Paloma,"Madrid, Madrid, Spain",1 Sol,,
La Trasiega,"Getafe, Madrid, Spain",1 Sol,,
Lavanda,"Robledo de Chavela, Madrid, Spain",1 Sol,,
Los 33,"Madrid, Madrid, Spain",1 Sol,,
Nakeima,"Madrid, Madrid, Spain",1 Sol,,
Noi Restaurante,"Madrid, Madrid, Spain",1 Sol,,
Omeraki,"Madrid, Madrid, Spain",1 Sol,,
Otoro Jukusei,"Madrid, Madrid, Spain",1 Sol,,
Ovillo,"Madrid, Madrid, Spain",1 Sol,,
Pabú,"Madrid, Madrid, Spain",1 Sol,,
Pilar Akaneya,"Madrid, Madrid, Spain",1 Sol,,
Playing Solo,"Madrid, Madrid, Spain",1 Sol,,
Quimbaya,"Madrid, Madrid, Spain",1 Sol,,
Qüenco de Pepa,"Madrid, Madrid, Spain",1 Sol,,
Rafa,"Madrid, Madrid, Spain",1 Sol,,
Ramón Freixa Tradición,"Madrid, Madrid, Spain",1 Sol,,
RavioXO,"Madrid, Madrid, Spain",1 Sol,,
Santerra,"Madrid, Madrid, Spain",1 Sol,,
Sen Omakase,"Madrid, Madrid, Spain",1 Sol,,
Soy Kitchen,"Madrid, Madrid, Spain",1 Sol,,
StreetXO,"Madrid, Madrid, Spain",1 Sol,,
Surtopía,"Madrid, Madrid, Spain",1 Sol,,
Taberna Pedraza,"Madrid, Madrid, Spain",1 Sol,,
Treze,"Madrid, Madrid, Spain",1 Sol,,
Triciclo,"Madrid, Madrid, Spain",1 Sol,,
Tripea,"Madrid, Madrid, Spain",1 Sol,,
Trèsde,"Madrid, Madrid, Spain",1 Sol,,
Viavélez,"Madrid, Madrid, Spain",1 Sol,,
Villoldo,"Madrid, Madrid, Spain",1 Sol,,
Vinoteca García de la Navarra,"Madrid, Madrid, Spain",1 Sol,,
Zalacaín,"Madrid, Madrid, Spain",1 Sol,,
Éter,"Madrid, Madrid, Spain",1 Sol,,
2 Estaciones,"Valencia, València/Valencia, Spain",1 Sol,,
Anhelo,"Castellón de la Plana/Castelló de la Plana, Castelló/Castellón, Spain",1 Sol,,
Apicius,"Valencia, València/Valencia, Spain",1 Sol,,
Arrels,"Sagunto/Sagunt, València/Valencia, Spain",1 Sol,,
Askua,"Valencia, València/Valencia, Spain",1 Sol,,
Audrey's,"Calp, Alacant/Alicante, Spain",1 Sol,,
Ausiàs,"Pedreguer, Alacant/Alicante, Spain",1 Sol,,
Baeza & Rufete,"Alicante/Alacant, Alacant/Alicante, Spain",1 Sol,,
Casa Bernardi,"Benissa, Alacant/Alicante, Spain",1 Sol,,
Cisoria,"Villena, Alacant/Alicante, Spain",1 Sol,,
Daluan,"Morella, Castelló/Castellón, Spain",1 Sol,,
Dexcaro Experience,"Dénia, Alacant/Alicante, Spain",1 Sol,,
El Baret de Miquel,"Dénia, Alacant/Alicante, Spain",1 Sol,,
El Bressol,"Valencia, València/Valencia, Spain",1 Sol,,
El Portal,"Alicante/Alacant, Alacant/Alicante, Spain",1 Sol,,
El Xato,"La Nucia, Alacant/Alicante, Spain",1 Sol,,
Erre Que Erre,"Ibi, Alacant/Alicante, Spain",1 Sol,,
Espacio Montoro,"Alicante/Alacant, Alacant/Alicante, Spain",1 Sol,,
Farigola & Menta,"Torrent, València/Valencia, Spain",1 Sol,,
Flama,"Valencia, València/Valencia, Spain",1 Sol,,
Fraula,"Valencia, València/Valencia, Spain",1 Sol,,
Hogar del Pescador,"Villajoyosa/La Vila Joiosa, Alacant/Alicante, Spain",1 Sol,,
Kaido,"Valencia, València/Valencia, Spain",1 Sol,,
Karak,"Valencia, València/Valencia, Spain",1 Sol,,
La Barra de Kaymus,"Valencia, València/Valencia, Spain",1 Sol,,
La Ereta,"Alicante/Alacant, Alacant/Alicante, Spain",1 Sol,,
La Farola,"Altura, Castelló/Castellón, Spain",1 Sol,,
La Masía de Chencho,"Elche/Elx, Alacant/Alicante, Spain",1 Sol,,
La Perla de Jávea,"Jávea/Xàbia, Alacant/Alicante, Spain",1 Sol,,
La Sirena,"Petrer, Alacant/Alicante, Spain",1 Sol,,
La Taberna del Gourmet,"Alicante/Alacant, Alacant/Alicante, Spain",1 Sol,,
Lienzo,"Valencia, València/Valencia, Spain",1 Sol,,
Lula by Aurora Torres,"Los Montesinos, Alacant/Alicante, Spain",1 Sol,,
Memoria Gustativa,"Valencia, València/Valencia, Spain",1 Sol,,
Mesón El Granaíno,"Elche/Elx, Alacant/Alicante, Spain",1 Sol,,
Monastrell,"Alicante/Alacant, Alacant/Alicante, Spain",1 Sol,,
Natxo Sellés,"Cocentaina, Alacant/Alicante, Spain",1 Sol,,
Nozomi Sushi Bar,"Valencia, València/Valencia, Spain",1 Sol,,
Open,"Alicante/Alacant, Alacant/Alicante, Spain",1 Sol,,
Origen,"Carcaixent, València/Valencia, Spain",1 Sol,,
Orobianco,"Calp, Alacant/Alicante, Spain",1 Sol,,
Piripi,"Alicante/Alacant, Alacant/Alicante, Spain",1 Sol,,
Rausell,"Valencia, València/Valencia, Spain",1 Sol,,
Rubén Miralles,"Vinaròs, Castelló/Castellón, Spain",1 Sol,,
Samsha,"Valencia, València/Valencia, Spain",1 Sol,,
Simposio,"San Antonio de Benagéber, València/Valencia, Spain",1 Sol,,
Tavella,"Valencia, València/Valencia, Spain",1 Sol,,
Toshi,"Valencia, València/Valencia, Spain",1 Sol,,
Xanglot,"Valencia, València/Valencia, Spain",1 Sol,,
Aiten Etxe,"Zarautz, Gipuzkoa/Guipúzcoa, Spain",1 Sol,,
Aitor Rauleaga,"Bilbao, Bizkaia/Vizcaya, Spain",1 Sol,,
Amaren,"Bilbao, Bizkaia/Vizcaya, Spain",1 Sol,,
Araneta,"Zestoa, Gipuzkoa/Guipúzcoa, Spain",1 Sol,,
Aretxondo,"Galdakao, Bizkaia/Vizcaya, Spain",1 Sol,,
Asador Landa,"Mendaro, Gipuzkoa/Guipúzcoa, Spain",1 Sol,,
Asador Nicolás,"Tolosa, Gipuzkoa/Guipúzcoa, Spain",1 Sol,,
Astelena 1997,"San Sebastián, Gipuzkoa/Guipúzcoa, Spain",1 Sol,,
Bailara,"Bidania-Goiatz, Gipuzkoa/Guipúzcoa, Spain",1 Sol,,
Baserri Maitea,"Forua, Bizkaia/Vizcaya, Spain",1 Sol,,
Bideko,"Lezama, Araba/Álava, Spain",1 Sol,,
Casa Cámara,"Pasaia, Gipuzkoa/Guipúzcoa, Spain",1 Sol,,
Casa Garras,"Karrantza Harana/Valle de Carranza, Bizkaia/Vizcaya, Spain",1 Sol,,
El Paladar,"Portugalete, Bizkaia/Vizcaya, Spain",1 Sol,,
Eneko,"Larrabetzu, Bizkaia/Vizcaya, Spain",1 Sol,,
Espazio Oteiza - Akelarre,"San Sebastián, Gipuzkoa/Guipúzcoa, Spain",1 Sol,,
Etxeberri,"Zumarraga, Gipuzkoa/Guipúzcoa, Spain",1 Sol,,
Fagollaga,"Hernani, Gipuzkoa/Guipúzcoa, Spain",1 Sol,,
Ganbara,"San Sebastián, Gipuzkoa/Guipúzcoa, Spain",1 Sol,,
Gotzon Jatetxea,"Bakio, Bizkaia/Vizcaya, Spain",1 Sol,,
Hamarratz,"Zumaia, Gipuzkoa/Guipúzcoa, Spain",1 Sol,,
Horma Ondo,"Larrabetzu, Bizkaia/Vizcaya, Spain",1 Sol,,
Iriarte,"Berrobi, Gipuzkoa/Guipúzcoa, Spain",1 Sol,,
Islares,"Bilbao, Bizkaia/Vizcaya, Spain",1 Sol,,
Itzuli,"San Sebastián, Gipuzkoa/Guipúzcoa, Spain",1 Sol,,
Jauregibarria,"Amorebieta-Etxano, Bizkaia/Vizcaya, Spain",1 Sol,,
Karmine,"Vitoria-Gasteiz, Araba/Álava, Spain",1 Sol,,
KEA basque fine food,"Vitoria-Gasteiz, Araba/Álava, Spain",1 Sol,,
Kirkilla Enea,"Zarautz, Gipuzkoa/Guipúzcoa, Spain",1 Sol,,
Kromatiko,"Vitoria-Gasteiz, Araba/Álava, Spain",1 Sol,,
Kuma,"Bilbao, Bizkaia/Vizcaya, Spain",1 Sol,,
La Despensa de Etxanobe,"Bilbao, Bizkaia/Vizcaya, Spain",1 Sol,,
Marqués de Riscal,"Elciego, Araba/Álava, Spain",1 Sol,,
Mendi Goikoa Bekoa,"Atxondo, Bizkaia/Vizcaya, Spain",1 Sol,,
Muka,"San Sebastián, Gipuzkoa/Guipúzcoa, Spain",1 Sol,,
Ola Martin Berasategui,"Bilbao, Bizkaia/Vizcaya, Spain",1 Sol,,
Porrue,"Bilbao, Bizkaia/Vizcaya, Spain",1 Sol,,
Remenetxe,"Muxika, Bizkaia/Vizcaya, Spain",1 Sol,,
Sukaldean Aitor Santamaria,"San Sebastián, Gipuzkoa/Guipúzcoa, Spain",1 Sol,,
Sutan,"Hondarribia, Gipuzkoa/Guipúzcoa, Spain",1 Sol,,
Tamarises Izarra,"Getxo, Bizkaia/Vizcaya, Spain",1 Sol,,
Tierra y vino,"Samaniego, Araba/Álava, Spain",1 Sol,,
Txispa,"Atxondo, Bizkaia/Vizcaya, Spain",1 Sol,,
Yandiola,"Bilbao, Bizkaia/Vizcaya, Spain",1 Sol,,
Zaldiaran,"Vitoria-Gasteiz, Araba/Álava, Spain",1 Sol,,
Zazpi STM,"San Sebastián, Gipuzkoa/Guipúzcoa, Spain",1 Sol,,
Zelai Txiki,"San Sebastián, Gipuzkoa/Guipúzcoa, Spain",1 Sol,,
Acebuche,"Zafra, Badajoz, Spain",1 Sol,,
Alberca,"Trujillo, Cáceres, Spain",1 Sol,,
Borona Bistró,"Cáceres, Cáceres, Spain",1 Sol,,
El Bar Old School Food,"Mérida, Badajoz, Spain",1 Sol,,
Galaxia,"Badajoz, Badajoz, Spain",1 Sol,,
Homarus,"Cáceres, Cáceres, Spain",1 Sol,,
Javier Martín,"Cáceres, Cáceres, Spain",1 Sol,,
La Fabiola,"Cáceres, Cáceres, Spain",1 Sol,,
Lugaris,"Badajoz, Badajoz, Spain",1 Sol,,
Mandukar,"Villanueva de la Serena, Badajoz, Spain",1 Sol,,
Marchivirito,"Badajoz, Badajoz, Spain",1 Sol,,
Nardi,"Hervás, Cáceres, Spain",1 Sol,,
Torre de Sande,"Cáceres, Cáceres, Spain",1 Sol,,
Tupío,"Miajadas, Cáceres, Spain",1 Sol,,
Veratus,"Jarandilla de la Vera, Cáceres, Spain",1 Sol,,
Versátil,"Zarza de Granadilla, Cáceres, Spain",1 Sol,,
A Gabeira,"Ferrol, Coruña, A, Spain",1 Sol,,
Alberte,"Vigo, Pontevedra, Spain",1 Sol,,
Asador Soriano,"Bembrive, Pontevedra, Spain",1 Sol,,
A taberna,"Ourense, Ourense/Orense, Spain",1 Sol,,
Balarés,"Ponteceso, Coruña, A, Spain",1 Sol,,
Casa Marcelo,"Santiago de Compostela, Coruña, A, Spain",1 Sol,,
Ceibe,"Ourense, Ourense/Orense, Spain",1 Sol,,
Eclectic,"A Coruña, Coruña, A, Spain",1 Sol,,
Eirado da Leña,"Pontevedra, Pontevedra, Spain",1 Sol,,
El de Alberto,"A Coruña, Coruña, A, Spain",1 Sol,,
El Refugio,"Oleiros, Coruña, A, Spain",1 Sol,,
Gunnen,"A Coruña, Coruña, A, Spain",1 Sol,,
Indómito,"Santiago de Compostela, Coruña, A, Spain",1 Sol,,
Javier Montero,"Ribadeo, Lugo, Spain",1 Sol,,
Landua,"Mazaricos, Coruña, A, Spain",1 Sol,,
Marmurio do Rio,"Allariz, Ourense/Orense, Spain",1 Sol,,
Marna,"Pontevedra, Pontevedra, Spain",1 Sol,,
Meloxeira Praia,"O Grove, Pontevedra, Spain",1 Sol,,
Miguel González,"Ourense, Ourense/Orense, Spain",1 Sol,,
Nado,"A Coruña, Coruña, A, Spain",1 Sol,,
Nordestada,"Porto do Son, Coruña, A, Spain",1 Sol,,
Nova,"Ourense, Ourense/Orense, Spain",1 Sol,,
O' fragón,"Fisterra, Coruña, A, Spain",1 Sol,,
O Balado,"Boqueixón, Coruña, A, Spain",1 Sol,,
O Loxe Mareiro,"Carril, O, Pontevedra, Spain",1 Sol,,
Omakase Sushi Bar,"A Coruña, Coruña, A, Spain",1 Sol,,
O Secadeiro,"Outes, Coruña, A, Spain",1 Sol,,
Ríos O Freixo,"Outes, Coruña, A, Spain",1 Sol,,
Salitre,"A Coruña, Coruña, A, Spain",1 Sol,,
Silabario,"Vigo, Pontevedra, Spain",1 Sol,,
Simpar,"Santiago de Compostela, Coruña, A, Spain",1 Sol,,
Terra,"Fisterra, Coruña, A, Spain",1 Sol,,
Terreo Cocina Casual,"A Coruña, Coruña, A, Spain",1 Sol,,
Vértigo,"Sober, Lugo, Spain",1 Sol,,
Aquiara,"Ciutadella de Menorca, Balears/Islas Baleares, Spain",1 Sol,,
Aromata,"Palma de Mallorca, Balears/Islas Baleares, Spain",1 Sol,,
Bodega Barahona - Casa Manolo,"Ses Salines, Balears/Islas Baleares, Spain",1 Sol,,
Brut,"Llubí, Balears/Islas Baleares, Spain",1 Sol,,
Cafè Balear,"Ciutadella de Menorca, Balears/Islas Baleares, Spain",1 Sol,,
Ca n'Alfredo,"Eivissa/Ibiza, Balears/Islas Baleares, Spain",1 Sol,,
Ca na Toneta,"Caimarí, Balears/Islas Baleares, Spain",1 Sol,,
Can Domo,"Santa Eulària des Riu, Balears/Islas Baleares, Spain",1 Sol,,
Can Pau,"Santa Gertrudis de Fruitera, Balears/Islas Baleares, Spain",1 Sol,,
Can Simoneta Gastronómic,"Capdepera, Balears/Islas Baleares, Spain",1 Sol,,
Casa Maruka,"Palma de Mallorca, Balears/Islas Baleares, Spain",1 Sol,,
DaiCa,"Llubí, Balears/Islas Baleares, Spain",1 Sol,,
El Romero,"Maó-Mahón, Balears/Islas Baleares, Spain",1 Sol,,
Es Codol Foradat,"Sant Francesc de Formentera, Balears/Islas Baleares, Spain",1 Sol,,
Es Fum,"Costa d'en Blanes, Balears/Islas Baleares, Spain",1 Sol,,
Es Fumeral,"Eivissa/Ibiza, Balears/Islas Baleares, Spain",1 Sol,,
Es Ventall,"Sant Antoni de Portmany/San Antonio Abad, Balears/Islas Baleares, Spain",1 Sol,,
Es Xarcu,"Sant Josep de Sa Talaia, Balears/Islas Baleares, Spain",1 Sol,,
Etxeko Ibiza by Martin Berasategui,"Santa Eulària des Riu, Balears/Islas Baleares, Spain",1 Sol,,
Fusion19,"Muro, Balears/Islas Baleares, Spain",1 Sol,,
Jondal,"Sant Josep de Sa Talaia, Balears/Islas Baleares, Spain",1 Sol,,
Las Dos Lunas,"Sant Antoni de Portmany/San Antonio Abad, Balears/Islas Baleares, Spain",1 Sol,,
Marc Fosh,"Palma de Mallorca, Balears/Islas Baleares, Spain",1 Sol,,
Maymanta Ibiza,"Santa Eulària des Riu, Balears/Islas Baleares, Spain",1 Sol,,
Nagai,"Sant Joan de Labritja, Balears/Islas Baleares, Spain",1 Sol,,
Omakase by Walt,"Eivissa/Ibiza, Balears/Islas Baleares, Spain",1 Sol,,
Quimera,"Sant Francesc de Formentera, Balears/Islas Baleares, Spain",1 Sol,,
Sa Clastra,"Calvià, Balears/Islas Baleares, Spain",1 Sol,,
Sa Llagosta,"Fornells, Balears/Islas Baleares, Spain",1 Sol,,
Sa Pedrera d´es Pujol,"Sant Lluís, Balears/Islas Baleares, Spain",1 Sol,,
Smoix,"Ciutadella de Menorca, Balears/Islas Baleares, Spain",1 Sol,,
Sol Post,"Sant Francesc de Formentera, Balears/Islas Baleares, Spain",1 Sol,,
The View,"Sant Josep de Sa Talaia, Balears/Islas Baleares, Spain",1 Sol,,
Trattoria del Mar,"Eivissa/Ibiza, Balears/Islas Baleares, Spain",1 Sol,,
Zaranda,"Palma de Mallorca, Balears/Islas Baleares, Spain",1 Sol,,
Aitor Esnal,"Logroño, Rioja, La, Spain",1 Sol,,
Alboroque,"Haro, Rioja, La, Spain",1 Sol,,
Arsa,"Logroño, Rioja, La, Spain",1 Sol,,
Casa Masip,"Ezcaray, Rioja, La, Spain",1 Sol,,
Echaurren Tradición,"Ezcaray, Rioja, La, Spain",1 Sol,,
Juan Carlos Ferrando,"Logroño, Rioja, La, Spain",1 Sol,,
La Cocina de Ramón,"Logroño, Rioja, La, Spain",1 Sol,,
La Galería,"Logroño, Rioja, La, Spain",1 Sol,,
La Posada del Laurel,"Préjano, Rioja, La, Spain",1 Sol,,
La Quisquillosa,"Logroño, Rioja, La, Spain",1 Sol,,
La Vieja Bodega,"Casalarreina, Rioja, La, Spain",1 Sol,,
Lumbre,"Casalarreina, Rioja, La, Spain",1 Sol,,
Moderna Tradición,"Logroño, Rioja, La, Spain",1 Sol,,
Sopitas,"Arnedo, Rioja, La, Spain",1 Sol,,
Alenda,"Villaviciosa, Asturias, Spain",1 Sol,,
Blanco,"Cangas del Narcea, Asturias, Spain",1 Sol,,
Ca' Suso,"Oviedo, Asturias, Spain",1 Sol,,
Casa Belarmino,"Gozón, Asturias, Spain",1 Sol,,
Casa Pilar,"Llanes, Asturias, Spain",1 Sol,,
Cocina Cabal,"Oviedo, Asturias, Spain",1 Sol,,
Del Arco,"Oviedo, Asturias, Spain",1 Sol,,
El Asador de Abel-Casa Farpon,"Argüelles, Asturias, Spain",1 Sol,,
El Molín de Mingo,"Cangas de Onís, Asturias, Spain",1 Sol,,
Farragua,"Gijón, Asturias, Spain",1 Sol,,
Ferpel Gastronomico,"Coaña, Asturias, Spain",1 Sol,,
Gunea,"Castrillón, Asturias, Spain",1 Sol,,
Güeyu - Mar,"Ribadesella, Asturias, Spain",1 Sol,,
Los Llaureles,"Cabranes, Asturias, Spain",1 Sol,,
Married Cocina,"Llanes, Asturias, Spain",1 Sol,,
Mesón El Centro,"Puerto de Vega, Asturias, Spain",1 Sol,,
Monte,"Lena, Asturias, Spain",1 Sol,,
Narbasu,"Piloña, Asturias, Spain",1 Sol,,
Pedro Martino,"Oviedo, Asturias, Spain",1 Sol,,
Quince Nudos,"Ribadesella, Asturias, Spain",1 Sol,,
Roble by Jairo Rodríguez,"Lena, Asturias, Spain",1 Sol,,
Yume,"Avilés, Asturias, Spain",1 Sol,,
Éleonore,"Salinas, Asturias, Spain",1 Sol,,
Casa Borrego,"Bullas, Murcia, Spain",1 Sol,,
El Albero,"Ceutí, Murcia, Spain",1 Sol,,
El Baret Wine Bar,"Murcia, Murcia, Spain",1 Sol,,
El Churra,"Murcia, Murcia, Spain",1 Sol,,
El Mosqui,"Cabo de Palos, Murcia, Spain",1 Sol,,
El Poli,"Águilas, Murcia, Spain",1 Sol,,
El Sordo,"Ricote, Murcia, Spain",1 Sol,,
Estirpe,"Yecla, Murcia, Spain",1 Sol,,
Frases,"Murcia, Murcia, Spain",1 Sol,,
Hispano 1926,"Murcia, Murcia, Spain",1 Sol,,
Kappou Makoto,"Murcia, Murcia, Spain",1 Sol,,
La Casa de los Abuelos,"Jumilla, Murcia, Spain",1 Sol,,
La Tropical,"Los Alcázares, Murcia, Spain",1 Sol,,
Loreto,"Jumilla, Murcia, Spain",1 Sol,,
Malvasía,"Playa Honda, Murcia, Spain",1 Sol,,
Morales,"Murcia, Murcia, Spain",1 Sol,,
Pepe Tomás,"Murcia, Murcia, Spain",1 Sol,,
Polea,"Murcia, Murcia, Spain",1 Sol,,
Por Herencia,"Murcia, Murcia, Spain",1 Sol,,
Taúlla,"Murcia, Murcia, Spain",1 Sol,,
Venezuela,"San Pedro del Pinatar, Murcia, Spain",1 Sol,,
