Rank,Name,Location
1,La Cúpula de El Capricho,"Jiménez de Jamuz, Spain"
2,Margaret,"Sydney, Australia"
3,Laia Erretegia,"Hondarribia, Spain"
4,I Due Cippi,"Saturnia, Italy"
5,Lana,"Madrid, Spain"
6,Casa Julián de Tolosa,"Tolosa, Spain"
7,Ibai,"London, United Kingdom"
8,AG,"Stockholm, Sweden"
9,Burnt Ends,Singapore
10,Bodega El Capricho,"Jiménez de Jamuz, Spain"
11,Firedoor,"Sydney, Australia"
12,The Eighty Six,"New York, USA"
13,Hawksmoor,"London, United Kingdom"
14,Aalia,"Sydney, Australia"
15,Asador Bastian,"Chicago, USA"
16,Arkhé,"Adelaide, Australia"
17,Brat,"London, United Kingdom"
18,Fireside,Hong Kong
19,Gillis,"Gent, Belgium"
20,Agnes,"Brisbane, Australia"
21,Cote,"New York, USA"
22,Steer Dining Room,"Melbourne, Australia"
23,Cut by Wolfgang Puck,"Beverly Hills, USA"
24,Vaca Vieja,"Madrid, Spain"
25,Bistecca,"Sydney, Australia"
26,The Grill,"New York, USA"
27,Rockpool Bar & Grill,"Sydney, Australia"
28,Asador Etxebarri,"Axpe, Spain"
29,Gwen,"Los Angeles, USA"
30,Nikuya Tanaka,Singapore
31,Kitty Fisher’s,"London, United Kingdom"
32,Prime,"Sydney, Australia"
33,Keens Steakhouse,"New York, USA"
34,La Tête d'Or,"New York, USA"
35,Woodcut,"Sydney, Australia"
36,Asador Nicolás,"Tolosa, Spain"
37,The Butcher’s Block,Singapore
38,Chop House,"London, United Kingdom"
39,Bistecca Tuscan Steakhouse,Singapore
40,The Cut Bar & Grill,"Sydney, Australia"
41,Aragawa,"London, United Kingdom"
42,Beast,"London, United Kingdom"
43,Minetta Tavern,"New York, USA"
44,4 Charles Prime Rib,"New York, USA"
45,Amaren,"Bizkaia, Spain"
46,CHAR Fuego y Brasas,"Tenerife, Spain"
47,Grill Americano,"Melbourne, Australia"
48,Porter House,"New York, USA"
49,The Gidley,"Sydney, Australia"
50,Txula Steak,"New York, USA"
51,Jacobs & Co. Steakhouse,"Toronto, Canada"
52,VUUR Restaurant,"Stellenbosch, South Africa"
53,Clover Grill,"Paris, France"
54,The Blockman,"Johannesburg, South Africa"
55,Chelsea Grill,"London, United Kingdom"
56,Anahi,"Paris, France"
57,Baltaire Restaurant,"Los Angeles, USA"
58,Asina Luna,"Milan, Italy"
59,20 Chapel,"Sydney, Australia"
60,11 Woodfire,"Dubai, UAE"
61,The Guinea Grill,"London, United Kingdom"
62,Zoilo,"London, United Kingdom"
63,Soichiro,"Jakarta, Indonesia"
64,Fat Rabbit,"Strem, Austria"
65,Sagardi,"London, United Kingdom"
66,The Grand Bar & Grill,"Helsinki, Finland"
67,American Cut,"New York, USA"
68,Gallaghers Steakhouse,"New York, USA"
69,Shell House,"Sydney, Australia"
70,Gage & Tollner,"New York, USA"
71,Swift & Sons,"Chicago, USA"
72,Happening,"Buenos Aires, Argentina"
73,Meatmaiden,"Melbourne, Australia"
74,The Steak House,Hong Kong
75,Matilda 159,"Melbourne, Australia"
76,Carna by Dario Cecchini,Hong Kong
77,Bavette's Bar & Boeuf,"Chicago, USA"
78,SK Steak & Oyster,"Brisbane, Australia"
79,Beef Meat & Wine,"Kyiv, Ukraine"
80,Firewood,"George Town, Malaysia"
81,Regina Bistecca,"Florence, Italy"
82,Maven,"Antwerp, Belgium"
83,Shatoburian,Singapore
84,Elisa,"Vancouver, Canada"
85,Fogón Asado,"Buenos Aires, Argentina"
86,Beef & Glory,"Vienna, Austria"
87,The Coal Shed,"Brighton, United Kingdom"
88,Bistecca Tuscan Steakhouse,Singapore
89,Niku Katsumata,"Tokyo, Japan"
90,BEEF Geneve,"Geneva, Switzerland"
91,A Figueira Rubaiyat,"São Paulo, Brazil"
92,Carnal Steak House,"Barcelona, Spain"
93,Miller & Lux,"San Francisco, USA"
94,The Grill at The Dorchester,"London, United Kingdom"
95,Butcher and Singer,"Philadelphia, USA"
96,Gibsons Italia,"Chicago, USA"
97,Peter Luger,"New York, USA"
98,Manny’s Steakhouse,"Minneapolis, USA"
99,Bern’s Steak House,"Tampa, USA"
100,The Prime Rib,"Baltimore, USA"
101,Pappas Bros. Steakhouse,"Houston, USA"
