Rank,Name,Location,DetailUrl,Website,Description,Price_Tier
1,Maido,Lima,https://www.theworlds50best.com/the-list/maido.html,https://www.maido.pe/,"Welcome! The elegant restaurant led by chef Mitsuharu ‘Micha’ Tsumura takes its name from a Japanese phrase used to greet people: maido. It’s the first thing diners will hear from Tsumura’s team when stepping into the space. Japan meets Peru: The chef-restaurateur’s ancestors landed in Peru from Japan in 1889 and Tsumura was born in Lima. He then completed a culinary arts programme in the US and made the trip to Osaka to specialise in Japanese cuisine. In 2009, he opened Maido in Lima, where he combines Japanese techniques and Peruvian ingredients into Nikkei cuisine. Some 15 years later, the menu may have diversified, but the philosophy remains the same: serving the best local ingredients changing every season. The Maido experience: The tasting menu features more than 10 courses and may include delicacies like The Triple, a combination of avocado, eggs, tomato and chashu (braised pork belly); caracoles al sillao (soy sauce), sea snails, with yellow chilli foam and Nikkei sauce; squid ramen with Amazonian chorizo, duck dumpling, nigiri and more. An a la carte menu is also available, filled with seasonal products and a catch of the day. In 2024, the restaurant celebrated 15 years with a Maido Experience menu which celebrated the past, present and future.",4
2,Asador Etxebarri,Atxondo,https://www.theworlds50best.com/the-list/Asador-Etxebarri.html,https://www.asadoretxebarri.com/,"What’s the deal? Set in a peaceful Basque village surrounded by mountains and lush greenery somewhere between Bilbao and San Sebastian, Asador Etxebarri is the platonic ideal of a destination restaurant. Food enthusiasts travel from all over the world to experience the culinary masterpieces created by chef Bittor Arguinzoniz. With the help of a little fire, he transforms simple ingredients like milk and beef into extraordinary and unforgettable dishes. Kissed by fire: In a small kitchen filled with custom-made grills designed by the chef, Arguinzoniz prepares a series of elegant dishes where the ingredient is king. There is no molecular gastronomy here, as the chef prefers to let the natural flavours of the high-quality produce take centre stage. Everything on the menu is touched by the grill, from anchovy on toast to the milk ice cream with beetroot that ends the meal. Take for instance, a succulent red Palamós prawn simply grilled and served on its own, or the fresh mozzarella from the chef's buffalo served with a juicy tomato slice. What should I order? While locals may plump for the a la carte, the tasting menu is the best way to enjoy everything Etxebarri has to offer. Over 14 courses eaten in the spacious dining room overlooking the village square, guests enjoy Arguinzoniz’s homemade chorizo and seasonal delicacies like baby eels and sea cucumber with green beans. The star of the show is a charcoal-charred beef chop – it may look impossibly large, but its impossibly tender texture and extraordinary flavour mean the plate is almost always sent back clean.",4
3,Quintonil,Mexico City,https://www.theworlds50best.com/the-list/quintonil.html,https://quintonil.com/,"Avant-garde Mexican: Quintonil is the setting for chef Jorge Vallejo’s boundary-pushing Mexican cuisine and his wife Alejandra Flores’ exceptional hospitality. Focused on fresh, local ingredients and traditional Mexican flavours and techniques weaved into modern preparations, it is fast becoming a classic. Herbaceous medleys: Named after a green herb that features in some of the dishes and drinks, Quintonil brings a unique brand of creativity to the plate. The tasting menu might contain seasonal dishes such as tamales of duck pibil with elote cream, braised oxtail in traditional black recado sauce, crème fraîche with melipona honey or prickly pear sorbet. Many of the ingredients travel just 30 metres from urban garden to plate. Take a seat: Grab a pew at the counter seating area that serves a shorter menu including insect-based tacos with grasshoppers and chicatana ants, and a view into the open kitchen. The main dining space is split into two sections, a cosy entrance area and a light and bright room filled with Mexican art.",4
4,Diverxo,Madrid,https://www.theworlds50best.com/the-list/diverxo.html,https://diverxo.com/,"In a nutshell: Hedonistic. Creative. Unpredictable. Three words to describe chef Dabiz Muñoz and the Madrid pleasure-dome that is Diverxo, where he likes to push the gastronomic boundaries as much as possible. More than a restaurant, Diverxo is an easel for the chef’s creativity, with diners brought along for the ride of their lives. What you’ll eat: Diverxo’s tasting menu stretches out over many courses of pure theatre, and may include anything from pigeon and sherry to multi-flavoured mochi. Expect unique combinations with Asian influences such as Pyrenean-matured nigiri, Japanese paella or roasted caviar with vindaloo curry and Greek yoghurt. Chef CV: Muñoz's culinary journey began in Madrid, inspired by chef Abraham García of Viridiana, where his family used to dine when he was a child. He started his career in Spain’s capital before moving to London to work at top Asian and Italian restaurants such as Hakkasan, Nobu, Nahm and Locanda Locatelli. In 2007, he returned to Spain and opened Diverxo, which earned him three Michelin stars by the age of 33, making him the second-youngest person in the world to achieve such a feat. In 2012, he opened Streetxo, a more casual restaurant, and in 2022, he launched Ravioxo, which specialises in intricate dumplings and Asian-influenced pasta. In 2024, he opened a new branch of Streetxo in Dubai, and there are plans to move Diverxo to a larger space in 2025.",4
5,Alchemist,Copenhagen,https://www.theworlds50best.com/the-list/alchemist.html,https://alchemist.dk/,"Getting there: Alchemist is located in Refshaleøen, a relatively remote part of Copenhagen known for its industrial buildings and a famous former shipyard. You have to go to the very end of the stretch before you get to the two-tonne-heavy bronze doors with decorations reminiscent of Narnia or Middle-Earth, which lead you into the mystical world of Alchemist. Wait for a few moments and they automatically swing open. Let the show begin! What should I expect? Be prepared for a journey unlike any meal you’ve had before. There are no courses, only ‘impressions’ – 50 of them, actually – divided into several ‘acts’ that takes guests through different locations, types of art and extraordinary craftsmanship over a seven-hour, multi-sensory odyssey. It’s the realisation of head chef and mastermind Rasmus Munk’s dream of a holistic and meaningful dining experience. Tell me more: You will be dining under a dome-shaped roof with various graphic sceneries that change throughout the dinner, but the prime reason it all works is because Alchemist’s cuisine is rooted in a strong foundation of classic techniques, modern research and Chef Munk’s obsessive search for the best ingredients. Expect ‘Space Bread’ canapés topped with caviar, the best seafood and pigeon aged in beeswax, just to mention a few delicacies – always presented in creative ways that will impress, as well as bring out your inner child.",4
6,Gaggan,Bangkok,https://www.theworlds50best.com/the-list/gaggan.html,http://gaggananand.com/,"Drumming up experience: Kolkata-born Gaggan Anand pursued music professionally before starting his culinary career. From a trainee position at the luxury hotel chain Taj Group, he progressed to work at El Bulli in Spain alongside Ferran Adrià, an experience that instilled in him a love for molecular gastronomy. He founded his first restaurant in Bangkok, Gaggan, in 2010, which has been named The Best Restaurant in Asia for the fifth time. And then? Gaggan closed in August 2019 and a few months later, the former drummer opened its new incarnation: Gaggan Anand. The chef is on a mission to push boundaries, seeking to create “a culinary adventure of the senses and a roller coaster ride of emotions”. The same irreverent philosophy shines through the restaurant’s digital channels, the chef’s hilarious sense of humour and the out-of-the-box presentation of the dishes. In 2024, the restaurant reverted to its previous name, Gaggan. Creativity as a main: Music, colours and creativity combine on the menu, which is anchored in progressive Indian, with French, Thai and Japanese influences. From using emojis to represent each of the courses to pushing diners to eat with their hands or even lick the plate, Anand wants to disrupt and reinvent the traditional fine-dining experience.",4
7,Sézanne,Tokyo,https://www.theworlds50best.com/the-list/sezanne.html,https://www.sezanne.tokyo/,"Need to know: To dine at Sézanne is to experience the epitome of culinary sophistication. Opened in July 2021 on the seventh floor of the Four Seasons Hotel Tokyo at Marunouchi with British chef Daniel Calvert at the helm, it immediately wowed diners with its immersive neo-French style infused with meaningful tributes to Asia’s rich culinary cultures. The experience: Walk through the buzzy Maronouchi Bistro – whose menu is also curated by Calvert – to reach the doors of Sézanne’s elegant dining room, designed by Hong Kong artist André Fu. Large windows afford it plenty of natural light; later, Tokyo’s skyline swoops in to provide a mesmerising nightscape. Each of the comfortable seats enjoys a view of the glass-walled kitchen, from which your culinary wonders will emerge. Tell me about the menu: Chef Calvert’s cooking, while firmly rooted in a neo-French ethos, is enriched by his experiences across Asia. It’s in the unique combinations resulting from these encounters that his style stands out. The 12-course tasting menu features the likes of bouillabaisse with saffron from the Saga Prefecture, and fugu from the Yamaguchi Prefecture cooked on the bone with fugu shirako (pufferfish milt) and roasted kegani sauce (horsehair crab).",4
8,Table by Bruno Verjus,Paris,https://www.theworlds50best.com/the-list/table-by-bruno-verjus.html,https://table.paris/,"A chef of many hats: Bruno Verjus, Table’s 65-year-old chef-patron, doesn’t only look a little like the grinning Cheshire Cat from Alice in Wonderland, but also had many lives before opening his restaurant a decade ago: medical student, entrepreneur in China, photographer, author, radio commentator, even food critic. His motto? “Our food choices shape our world.” What’s it like inside? Table (pronounced in the French way) features a long counter designed like a wave that creates private nooks, plus an open kitchen. You can follow every gesture, see every plating, including the Colours of the Day – a daily changing dish of the most seasonal herbs and vegetables – and witness how Verjus serves line-caught monkfish torched with bay leaves, or prepares  a donburi dish with blonde lentils with pig’s ear in a crab broth. Signature dish? Imagine a tartlet topped with melted dark chocolate from Peru mixed with caper-infused cream. Add some Ossetra caviar on top… et voila! And make sure to devour the mellow homemade madeleine, which is even better dipped in Kardamili olive oil, as suggested.",4
9,Kjolle,Lima,https://www.theworlds50best.com/the-list/kjolle.html,https://kjolle.com/,"Tasting the rainbow: Pía León rose to fame as the head chef of Central, which was named The World’s Best Restaurant in 2023. But in 2018, she felt the need to express her culinary vision in an independent way. Kjolle is her first solo restaurant, where she zeros in on Peru’s vibrant pantry and lets her gastronomic instincts run wild. Simple, but not easy: At Kjolle, León strives to preserve natural flavours – her dishes show a high level of research and testing, but the produce is always recognisable and never overly manipulated. This process, however, is far from easy: León and the team spend months researching the best ways to use each part of the ingredient to create the least possible amount of waste, while maximising flavour and adding unexpected elements. Image, taste and context: Painting with colours as well as flavours is part of Kjolle’s DNA, and a meal here is sure to fill up your camera roll with photos of dishes that are as beautiful as they are delicious. ‘Context’ completes León’s culinary philosophy, exemplified in unique pieces of ceramics, glassware and interior design the chef curates alongside local artists and artisans from across Peru.",4
10,Don Julio,Buenos Aires,https://www.theworlds50best.com/the-list/don.html,https://www.parrilladonjulio.com/,"Meet Don Julio: A family-run labour of love, an homage to the flavours and terroirs of Argentina, a temple of regenerative farming – Don Julio is all this and more. Some 25 years after owner-sommelier Pablo Rivero opened his neighbourhood steakhouse on a corner of Palermo, he is still serving some of the best beef cuts, local wines and authentic Argentine hospitality you can find anywhere. Homemade philosophy: Nearly everything you can find on Don Julio’s menu comes from the restaurant’s own farm outside of Buenos Aires. Grilled seasonal vegetables – such as organic asparagus, peppers and courgette – are a popular choice, as is the restaurant’s famous heirloom tomato salad. The juicy servings of Aberdeen Angus and Hereford cattle haven’t only been farmed according to regenerative practices, but are also butchered and aged entirely in-house. What about the menu? Choosing from the extensive list may feel like taking a beef anatomy masterclass, but whatever you choose – the thick rib-eye, a giant T-bone, the house-favourite skirt steak, or the famous spiral sausage – the combination of smokiness, nuttiness and sweetness in the meat will blow your socks off.",4
11,Wing,Hong Kong,https://www.theworlds50best.com/the-list/wing.html,http://wingrestaurant.hk/,"The backstory: What grew out of an invite-only, midnight-supper test kitchen at chef-owner Vicky Cheng’s debut Hong Kong venue, Vea, became his ‘boundary-less’ Chinese fine-dining establishment, Wing, located just one floor below. With a 20-year background in French classical cooking, Cheng never planned to open a Chinese restaurant, but after returning to his birthplace of Hong Kong, he found himself gravitating towards local tastes. Why Wing? Drawing inspiration from Cheng’s Chinese name, Wing represents hope and perseverance – sentiments that reflect the chef’s pride for China’s heritage coupled with a desire to share the untold stories of its abundant culinary history; an expedition diners traverse through the seasonal tasting menu. Tradition made new: Wing’s fare serves as an homage to the eight great Chinese cuisines, innovatively respecting tradition through a no-rules contemporary interpretation. Think dry-aged crispy Cantonese chicken – a recipe that took more than 80 trials to perfect; smoked pigeon with sugarcane; and a pork belly-like slab of braised sea cucumber enveloped in a puffed spring roll. Don’t forget the fruit trolley service for the final sweet treat.",4
12,Atomix,New York,https://www.theworlds50best.com/the-list/atomix.html,https://www.atomixnyc.com/,"K-wave: If food is the ultimate window into culture, and Korean culture is increasingly prevalent and valued internationally, then Atomix in New York provides the ultimate gastronomic manifestation of the K-wave phenomenon. This is Korean dining at its very finest: sophisticated and flavoursome food, with dishes grounded in heritage, but distinct and innovative. Unlikely location: Arrive outside Atomix and you might be forgiven for thinking you were in the wrong spot – until other diners gather on the sidewalk alongside you. The unprepossessing exterior in the still rough-round-the-edges NoMad district of Manhattan belies a beautiful, if minimal, restaurant within. The ground floor houses a bar serving exceptional cocktails, with the main 14-seat U-shaped counter in the basement. On the menu: Diners can expect a well-paced 12-course tasting menu of Korean-based plates, featuring world-class flavour and texture combinations. Each dish is served in beautiful bespoke ceramics accompanied by an explanatory card providing accessible information on the ingredients, origin and inspiration. Dishes range from lamb with deodeok [a Korean root vegetable] to cherry blossom trout with Korean mustard and rhubarb; sea cucumber might be served with shrimp and egg over rice, while just-grilled wagyu is contrasted with cold noodles.",4
13,Potong,Bangkok,https://www.theworlds50best.com/the-list/potong.html,https://www.restaurantpotong.com/,"What’s the hype? Winning a constant stream of awards since opening in 2021, Potong is the fine-dining restaurant in a narrow multi-floor building from chef Pichaya ‘Pam’ Soontornyanakij, which offers a tasting menu of innovative Thai-Chinese cuisine in the heart of Bangkok’s Chinatown. And 2025 sees another award: Potong is the winner of the Highest New Entry Award 2025, making its impressive debut at No.13. On the menu: The food at Potong focuses on five elements: salt, acid, spice, texture and Maillard reaction (the chemical process of reducing sugars that brings distinctive flavour). The degustation starts with house-made charcuterie and collaboration wine, before moving through courses including Historical Stories – crab roe, blue crab and brioche; Bold – 14-day aged duck; and Heritage – pandan, a peanut bon bon and tamarind. The tasting takes diners through Chef Pam’s culinary memories and emotions. An historic setting: Potong is located in a generations-old five-storey building that housed the family’s Chinese herbal medicine business from 1910. Restored over two and a half years in a major architectural project, the site now houses late-night cocktail haven Opium Bar on its fourth and fifth floors, the main dining room on the second floor, and on the third, an original room filled with hand-painted tiger drawings. Soon, the former first-floor apothecary will be home to Sino House: a ‘funky Thai-Chinese’ restaurant with live music.",4
14,Plénitude,Paris,https://www.theworlds50best.com/the-list/plenitude.html,https://www.chevalblanc.com/fr/maison/paris/restaurants-et-bars/plenitude/,"Setting the scene: Plénitude is on the first floor of the LVMH-owned luxury boutique hotel, Cheval Blanc Paris, which inhabits the historic La Samaritaine building overlooking the famed Pont Neuf in Paris. The split-level dining room affords dreamy views of the River Seine and various notable Parisian landmarks from every table. On the plate: Chef Arnaud Donckele is one of France’s most accomplished cooks, with a laser focus on sauces as the centre point of each dish. The seven-course tasting menu might include sardine served with a piquant green Eden sauce, while plump langoustine comes with an airy sabayon, but it’s the vegetable, seafood or meat accompanying the sauce more than vice-versa. Donckele’s exquisite bouillons, consommés, sabayons and vinaigrettes – and their ingredients – are detailed in written form for guests to take home with them. Delivery service: The choreography of the meal, orchestrated by restaurant director Alexandre Larvoir and his young team, is dynamic: guests visit the cellar on arrival; one course is taken in the kitchen; at another point diners are invited into a ‘secret’ cheese cave adjacent to the dining room to select vintage plateware and their chosen fromages. Precise service is combined with relaxed engagement, with team members encouraged to bring their personalities to the table. This results in an exceptional – and sometimes emotional – dining experience.",4
15,Ikoyi,London,https://www.theworlds50best.com/the-list/ikoyi.html,https://ikoyilondon.com/,"Take it all in: Ikoyi burst onto the global gastronomic scene when it won the One To Watch Award at The World’s 50 Best Restaurants 2021. Since then, it has moved from its original, somewhat cramped location to a larger space on London’s The Strand, with exquisite interiors designed by David Thulstrup. The walls are clad in copper, the ceiling features a curved metal weave, furniture is made from oak and the floor from limestone – elements inspired by chef Jeremy Chan’s dual focus on spices and British produce.Free spirits: Friends Jeremy Chan and Iré Hassan-Odukale launched Ikoyi in 2017 with little formal training between them. They remain largely unconfined by restaurant conventions, with the gifted Chan creating a culinary style that defies categorisation; he gleans herbs and spices from across Africa and Asia, borrows techniques from around the globe, while sourcing proteins and fresh produce from the UK and its waters. The result is a singular dining experience which the Canadian-Chinese-British chef terms “a journey through bold heat”.On the plate: Ikoyi’s signature remains its smoked jollof rice, which has been a mainstay on the menu in myriad forms that vary depending on the time of year. It arrives late in the tasting menu and is preceded by the likes of drunken squid and fermented rice; turbot, crab salad and tonnato; and sweetbread and white flint grits. Desserts even include elements such as Scotch bonnet, reinforcing the unusual (and spicy) narrative. It’s definitely working, as Ikoyi is the winner of the Highest Climber Award 2025, sponsored by Lee Kum Kee.Subtle service: Led by Hassan-Odukale, Ikoyi’s service style is deliberately unobtrusive. The theory behind creating an arms-length approach is to allow the food to speak for itself, like a piece of art in a gallery. Then, if the guest wants to know more detail about any element on the plate, the team are perfectly well-versed to explain. 180 The Strand, London, Greater London, WC2R 1EA, UK",4
16,Lido 84,Gardone Riviera,https://www.theworlds50best.com/the-list/lido-84.html,https://www.ristorantelido84.com/,"What makes it special? Lido 84 serves quintessentially Italian food – just not as you know it. Years of research into local ingredients, old recipe books and international cooking techniques, combined with a penchant for art in all its forms and a deep-held belief in putting the customer first, have turned Riccardo and Giancarlo Camanini’s restaurant into a masterpiece. A view to remember: The restaurant is perched over Lake Garda in a charming old building that was once a lido – in Italy, a beach club for vacationing families. The Camaninis bought the building in 2013 and transformed it into a restaurant, with the dining room now dotted with eclectic pieces of art. When the weather is good, tables are set up on the terrace outside, directly overlooking the lake’s tranquil waters, with Giancarlo as the warm host ensuring each client feels looked after. The signature dish? Riccardo, the chef half of the duo, is known for constantly adding new dishes to the tasting and a la carte menus based on his latest findings. However, a few recipes have gained semi-permanent status, the most famous of which is the Rigatoni Cacio e Pepe en Vessie. An almost poetic ode to craftmanship and the highest-quality products, it sees the pasta cooked in a pig’s bladder in a process that must be assessed blindly, touching the bladder to judge whether it may be ready. The bladders’ juices, gently shaken by specialist cooks, form an emulsion with the cheese, lending perfect creaminess to the final dish.",4
17,Sorn,Bangkok,https://www.theworlds50best.com/the-list/sorn.html,,"A potted history: Supaksorn 'Ice' Jongsiri, Sorn's chef-patron, grew up in close contact with his grandmother’s southern cooking. Together with his own personal vision, Chef Ice transforms the flavours and memories of his encounters with diverse southern Thai cultures into a one-of-a-kind innovative cuisine. His thought process is mind-bending and his flavouring explosive, with no compromise on chilli heat and spice. What should I expect? Sorn is allegedly the most difficult restaurant to book in Thailand and one of the reasons it’s so sought after is its impeccable service. The front-of-house team is trained specifically to communicate the stories and memories that the chef puts into every dish. With each bite, you will be inspired by Ice’s love and passion for the south. Don’t wait to tuck in: Every dish served at Sorn is highly temperature sensitive. It’s something the chef pays special attention to and his kitchen brigade delivers every dish at an incredible tempo – so, don’t take too long photographing them. By controlling the temperature of the dishes, Sorn delivers a sensory-driven sequence that adds a new dimension to Thai cuisine.",4
18,Reale,Castel di Sangro,https://www.theworlds50best.com/the-list/reale.html,http://www.nikoromito.com/,"Modern Italian minimalism: Reale places huge emphasis on the world of plants, with a cuisine style that looks to leave guests in awe – succeeding with nearly every mouthful. The food is the result of profound technical research: for each ingredient, all possible nuances are dissected to find the optimum potential for its combination. The minimalism on the plate belies the complexity of flavour at play. With dishes like ‘Swiss Chard’, ‘Courgette’, and ‘Cauliflower’ (depending on the time of year), there is much more beyond their modest names.] Don’t skip the bread: The same attention is devoted to bread. At Reale, it’s not just as an accompaniment, but an individual course in its own right. Over the years, chef Niko Romito has carried out lengthy studies on fermentation, flours – ancient Saragolla wheat is the secret here – and dough’s molecular composition. The result is a bread that has become the benchmark for its category. Standout dishes: Courses, such as the lamb with sheep milk and cinnamon sauce, are designed to challenge the palate and senses. Its course of a singular broccoli leaf, served simply with an anise sauce, demonstrates the power and scope of Romito’s minimalist vision and scientific precision.",4
19,The Chairman,Hong Kong,https://www.theworlds50best.com/the-list/the-chairman.html,http://thechairmangroup.com/,"A singular restaurant: The Chairman is a phenomenon precisely because it doesn’t seek to be: no theatrics, no PR tactics, no Instagram-focused plating – this is a restaurant where the food comes first. Its quietly innovative rewriting of classic Cantonese cooking comes in the form of entirely new recipes that are built on the bedrock of China’s culinary history. As a result, it has built a fiercely loyal local clientele, which now combines with international visitors aplenty. Don’t be fooled by the smartly suited waiters, this is one of the most welcoming spots in Hong Kong. Settled in a new home: After building its unmatched reputation in a relatively non-descript location in Central, owner Danny Yip relocated the restaurant post-pandemic to a larger, smarter but still relaxed space in The Wellington nearby. Here, Yip’s cerebral taste for art and literature is more evident in the interior design, which also features leafy plants, an eclectic array of art pieces and low-lit lamps. The duo behind it: The Chairman is the creation of Yip, a chef turned successful tech entrepreneur turned restaurateur, who learned his trade in Australia. He is now a revered figure back home in HK and beyond. However, the role of long-time head chef Kwok Keung Tung should not be underestimated. The duo has formed a unique partnership which sees them deep-dive into ingredient research and experiment with new recipes and cooking methods for months at a time, with duly memorable results.",4
20,Atelier Moessmer Norbert Niederkofler,Brunico,https://www.theworlds50best.com/the-list/atelier-moessmer-norbert-niederkofler.html,https://ateliernorbertniederkofler.com/en/,"Scene setting: The small town of Brunico sits in a lush valley beneath the meeting point of the Alps and the Dolomites. In 2023, local chef Norbert Niederkofler relocated from his previous St Hubertus hotel-restaurant in a neighbouring valley to new premises in a 19th century villa, formerly part of the Moessmer textile production complex. The space has been redesigned with an emphasis on discreet luxury, including the addition of a modernist glass-walled extension housing the open kitchen and counter seating area. Chef as nurturer: Niederkofler has forged an enviable reputation over many decades, both within and beyond the kitchen. While his benign presence permeates Atelier Moessmer, executive chef Mauro Siega and sommelier-manager Lukas Gerges lead a talented and youthful team in daily operations. At the same time, Niederkofler’s established ‘cook the mountain’ philosophy – which permits only the use of hyper-local Tyrolean terroir ingredients – drives every aspect of the restaurant’s sustainability-forward culinary narrative. The dining experience: Guests first ring a doorbell before being invited into the villa, emphasising the private family feel. Snacks are served in the bar-lounge area, before different courses are presented in a variety of rooms, on the garden terrace and at the kitchen counter. The charming team judge how much detail to deliver on the dishes and wines. The simply named dishes – Spring Salad, Tyrolean Beef, Mountain Cheesecake – belie serious complexity, cutting-edge techniques and, most importantly, fascinating flavour combinations. Long-time signatures include singular versions of beetroot gnocchi and tarte tatin that can be added to the super-seasonal 12-course tasting menu.",4
21,Narisawa,Tokyo,https://www.theworlds50best.com/the-list/narisawa.html,https://www.narisawa-yoshihiro-en.com/,"Local legend: Born into a family of confectioners, Yoshihiro Narisawa left home at 19 and spent eight years training in some of Europe’s most venerated kitchens, including those of the late Paul Bocuse and Joël Robuchon. In 1996, he returned home to Japan and opened La Napoule in Kanagawa Prefecture. Seven years later, he moved to a space in Tokyo’s non-touristy district of Minami Aoyama and formed Les Créations de Narisawa. After eight years of service, he renamed the restaurant simply Narisawa. Enduring quality: Now, after two decades as one of Tokyo’s finest dining destinations, chef Yoshihiro Narisawa’s eponymous restaurant in Tokyo’s upmarket Aoyama district needs little introduction. After topping the inaugural Asia’s 50 Best Restaurants list in 2013, Narisawa has been a stalwart of the Asia’s 50 Best Restaurants ranking ever since and in 2025, is making a re-entry to The World’s 50 Best Restaurants list. Satoyama cuisine: Chef Narisawa channels the traditional satoyama farming system of premodern Japan – flatland cultivation, husbandry of the nearby forests and hunting-foraging in the mountains. The stunning Temari dish is a recreation of a traditional toy, here made with root vegetable strips wrapped around a crab and scallop dumpling. In true omakase style, the full menu will pivot every day depending on availability of ingredients, but draws inspiration from Japanese, Chinese and French cuisines. There are vegetarian and vegan menus available on request too.",4
22,Sühring,Bangkok,https://www.theworlds50best.com/the-list/suhring.html,https://restaurantsuhring.com/,"What's it all about? Twin brothers Mathias and Thomas Sühring meld flavours, techniques and experiences accumulated in their native Germany, as well as the Netherlands, Italy and Thailand, under one modish roof. The result is a sophisticated – and at times playful – seasonal haute cuisine menu with strong German identity. What’s the vibe? Step through the luscious front garden to a 1970s villa renovated by the twins. It’s a blissful and calming breath of fresh air in Thailand’s energetic capital. Some tables overlook the open kitchen while others enjoy the tropical landscape courtesy of the glass-ceilinged atrium. Typical dishes: European influence is welcomed in a city known for racy spices, and strong plates on the menu include scallop with pumpkin and kelp; lobster with vanilla, persimmon and hazelnut; Kagoshima A5 wagyu with kintoki carrot and oxtail; and spaetzle egg noodles topped with Périgord truffle, inciting plenty of German culinary nostalgia (although the truffle is somewhat of an indulgent touch).",4
23,Boragó,Santiago,https://www.theworlds50best.com/the-list/borago.html,https://borago.cl/en/welcome/,"Who’s the chef? Rodolfo Guzmán toured restaurants across Europe and Chile, learning new techniques and experimenting with flavours, before resettling in Santiago to open Boragó in 2006. Since then, the restaurant has become a haven for Guzmán’s discovery of, and research into, native Chilean produce. What to expect: The menu, named Endémica, showcases the bounty Chile has to offer. Guzmán takes diners through the country’s regions with creatively executed dishes such as mussels, fava beans and unripe peaches, onion and pink tomato tarte tatin and Patagonian lamb with fig leaf and Maule pink tomato. What’s the inspiration? Boragó is deeply rooted in Mapuche culture. Inspired by the Indigenous hunter-gatherers of Southern Chile and Argentina, Guzmán strives to incorporate the autochthonous plants of the nation into the restaurant’s vast pantry. He works with more than 200 people, including foraging communities and small producers all over the country, to bring seasonal and fresh goods to the plate. The ingredients come from coastlines, mountain tops or even the restaurant’s nearby orchard.",4
24,Elkano,Getaria,https://www.theworlds50best.com/the-list/elkano.html,https://www.restauranteelkano.com/,"The concept: Aitor Arregui’s father, Pedro, used to say that to buy the best fish, you have to look the animal in the eyes to see that they still retain their brightness – that means the fish is truly fresh. Today, his son and family run one of the most prestigious seafood grills in the Basque Country. The backstory: Pedro Arregui transformed his mother's grocery store into a bar. Next to it, he installed a small street-side grill. One day, a fisherman brought him a huge turbot, which he placed on two grills because it did not fit on one and roasted it whole, without removing the skin. That innovation, like roasting the whole head of a hake – previously used only to make soup – turned Elkano into an establishment that would set new standards of grilling. Lasting legacy: Arregui’s innovations in the art of grilling triumphed and the house was filled every day. Elkano, which would receive its first Michelin star after Pedro Arregui’s death, is one of the cathedrals to which many of the best chefs on the planet make a pilgrimage.",4
25,Odette,Singapore,https://www.theworlds50best.com/the-list/odette.html,https://www.odetterestaurant.com/,"Humble beginnings: Odette is a modern French restaurant founded by chef Julien Royer in 2015. Coming from a family of farmers, Royer cares deeply about produce, sourcing ingredients from artisanal producers in Asia and Europe and treating them carefully to highlight their purest flavour. What’s the inspiration? Odette is Royer’s gastronomic love letter to his grandmother of the same name. She taught him to highlight ingredients and add that je ne sais quoi to his dishes that blows diners’ minds and brings happiness to their hearts. Demonstrating love through food and devotion to people are the cornerstones of the Odette experience. French DNA with Asian influence: The menu at Odette is based on French cuisine, but the Asian influence is also evident in many of the dishes. The seven-course tasting menu is created based on the best seasonal produce.",4
26,Mérito,Lima,https://www.theworlds50best.com/the-list/merito.html,https://www.meritorestaurante.com/,"Tell me all about it: Combining produce from the surrounding area with flashes and memories of his country of origin, chef Juan Luis Martínez unites the cuisines of Peru and his native Venezuela at Mérito. What to order: Try the scallops, sanky (similar to a prickly pear) and jalapeño; fish tartare with green tomato, huacatay (black mint) and matured cheese; or white fish and cocona citrus fruit. For the perfect ending to your meal, opt for the Peruvian chocolate rock, Mérito’s signature dessert. Or if it's the right time of year, make sure to order the grilled custard apple. A note on the chef: Martínez, who hails from Caracas and studied at La Casserole du Chef, opened Mérito in 2018. The two-floor restaurant is set in the heart of the fashionable Barranco neighbourhood and is a favourite with locals. If you can, make sure to book a space at the chef’s counter.",4
27,Trèsind Studio,Dubai,https://www.theworlds50best.com/the-list/tresind-studio.html,https://tresindstudio.com/,"The mastermind: Learning his trade at lauded New Delhi dining institution Indian Accent before moving to Dubai, chef Himanshu Saini has become the standard-bearer of modern Indian gastronomy in the UAE. After opening Trèsind in 2014 and the fantastically experimental and immersive Trèsind Studio in 2018, both to critical acclaim, he has quickly gained a reputation as one of India’s hottest culinary exports. What’s the food like? Titled ‘Rising India’, its latest tasting menu pays homage to the nation's 5,000-year history and the plurality of produce that has long stocked its larder. Dishes on the menu are grouped into areas of the subcontinent: stop at the Deccan Plateau for some tender coconut kushiyaki with hearts of palm and yuzu rasam, before later swinging by the Northern Plains and Himalayan Mountains for a course of king oyster noodles with black fungus XO sauce and shoyu of morel mushrooms. A touch of theatre: Dining at Trèsind Studio, now located on The Palm Jumeirah, can be a dramatic experience. As you progress through the tasting menu, expect to be relocated to different areas of the restaurant, each carefully curated to match the plates in front of you. With just 20 seats available, its already intimate experience may be rapidly dialled up as the dining room plunges into darkness for a course or two.",4
28,Lasai,Rio de Janeiro,https://www.theworlds50best.com/the-list/lasai.html,https://lasai.com.br/,"Carrying the flag: With exceptional, vegetable-led dishes from chef Rafael Costa e Silva and warm, welcoming hospitality led by his wife, Malena Cardiel, Lasai has all the ingredients of a standout restaurant. It has featured in Latin America’s 50 Best Restaurants every year since its opening a decade ago and achieved the accolade of The Best Restaurant in Brazil 2024. In 2025, it makes its long-awaited debut on The World’s 50 Best Restaurants list. Counter intuitive: In 2022, Lasai moved from its former home in a colonial townhouse in the Botafogo neighbourhood to a much smaller spot just around the corner. It now serves just 10 people around a single, L-shaped chef’s counter, offering a much more intimate experience, with every guest sitting right in front of Costa and his team. On the menu: Fed by two gardens – one in Itahnangá in the city, the other a few hours’ drive away in Rio de Janeiro state – Lasai’s 15-course tasting menu centres around the best seasonal, mostly organic produce, coupled with the freshest local seafood and protein. That might mean chayote squash with romanesco broccoli, borage and juicy scallops, or palm heart with cashew nuts, enoki and king oyster mushrooms and sweet potato leaf. Plating is pared back (in keeping with the room) but stunningly executed. Before each course, guests are shown the fresh produce in the dish and encouraged to smell, touch and taste the raw ingredients.",4
29,Mingles,Seoul,https://www.theworlds50best.com/the-list/mingles.html,http://www.restaurant-mingles.com/,"Why it’s worth a visit: Since opening in April 2014 in Seoul’s buzzy Cheongdam-dong district, Mingles has impressed local and international diners with refined Korean cookery that weaves together inspiration from Hong Kong and Europe. It is the perfect place to explore unsung local ingredients, from acorn jelly to bellflower root. In the kitchen: Korean chef Mingoo Kang trained under Martin Berasategui in San Sebastian, Spain, before stints at Nobu in Miami and The Bahamas, where he took learnings that he would later apply to Korean food back on home turf. Man on a mission: Kang and the Mingles team are on a mission to show ‘a new way of Korean cuisine’ that is driven by in-season local fish, meat and vegetables enlivened by traditional Korean fermented sauces and vinegars. At the start of the meal, guests are presented with an abundant display of produce to fully appreciate the diversity and freshness of the ingredients being used to create the 10-course tasting menu. Standouts include hanwoo, a Korean barbecue dish using high-grade beef with Jerusalem artichoke, and the signature ‘mingling pot’, which simmers morel and cabbage ssam with beef tendon and tender abalone.",4
30,Le Du,Bangkok,https://www.theworlds50best.com/the-list/le-du.html,https://www.ledubkk.com/,"Global acclaim: Since 2013, chef and co-owner Thitid ‘Ton’ Tassanakajohn has been on a mission advocating Thai cuisine to the world through his dishes at Le Du, his various other restaurants and via chef collaborations. After studying at the prestigious Culinary Institute of America and staging at some of the very best restaurants in New York including Jean-Georges and Eleven Madison Park, Tassanakajohn returned to Bangkok with a clear vision to present refined Thai ingredients with a modern edge. Menu for the curious: Le Du loosely translates to ‘seasons’ in Thai and the food follows that flow in a contemporary tasting menu highlighting the array of techniques Chef Ton has picked up throughout his career, paired with the in-season ingredients. On the four or six course tasting menus, expect dishes such as the popular rendition of khao chae, a Thai summer staple, which is reimagined with a creamy jasmine-scented ice cream paired with pork paté, shrimp and pickled radish; or delve a little deeper into the seasons with the tender grouper paired with prized ant eggs. New and improved: The decade-old space has recently been renovated with a striking fixture that sees thousands of glass tubes filled with curated Thai seasonings suspended in curves and integrated with luminous lighting fixtures. The herbs, plants and spices are designed to emanate the changing seasons in rice plantation landscapes with fiery red chillies representing the hot season and verdant green leaves mirroring the rainy season.",4
31,Le Calandre,Rubano,https://www.theworlds50best.com/the-list/le-calandre.html,https://alajmo.it/en/pages/homepage-le-calandre,"Taste of history: To dine at Le Calandre is to take a bite out of Italian culinary history. Chef Massimiliano and maître d’ Raffaele Alajmo – brothers Max and Raf – took over their parents’restaurant in 1994, and over the last three decades, have not only turned it into an icon of gastronomic innovation, but also into the cornerstone of the Alajmo Group, which now includes 12 restaurants across three countries. Devil’s in the details: The multi-sensory experience begins with the design. In the sleek, dimly lit dining room, tables are carved from a single 300-year-old ash tree. Each becomes a stage for the performance to come, spotlighted by sculptural lamps by designer Davide Groppi. There are no tablecloths here: the table itself is Massimiliano’s canvas, and even the striking, hand-blown water glasses are marked with the chef’s own fingerprint. Art on the plate: Massimiliano’s tireless creativity means the three tasting menus are constantly shifting, with inspiration coming from seasonal produce, his passion for art and a child-like curiosity. The innovative Cuttlefish Cappuccino, first created in the late 1990s, has been reinvented as Cappuccino Murrina, a tribute to Venice’s glass-blowing heritage in the form of potato and chive cream with cuttlefish and sea urchin, finished with vibrantly red beetroot and deeply green spirulina. In its 2.0 version, Risotto Passi d’Oro is a homage to Roberto Barni’s sculpture at the Uffizi in Florence, with its golden hue from saffron and boldness from black liquorice recalling the statue’s contrasts of light and darkness.",4
32,Piazza Duomo,Alba,https://www.theworlds50best.com/the-list/piazza-duomo.html,https://www.piazzaduomoalba.it/,"What’s the food like? Enrico Crippa’s cuisine is a voyage through space and time, led by taste, colour, texture and aroma. The Seasonal Things menu features 11 courses utilising produce from Piazza Duomo’s greenhouses and organic and biodynamic gardens. The Barolo menu meanwhile celebrates the iconic wine in diners’ glasses, and on their plates. Or there’s the Journey menu with its eight multi-coloured courses expressing Chef Crippa’s culinary philosophy, seamlessly combining the flair of French cuisine with Italian passion and Japanese precision. Enjoy a taste of the Italian maestro’s food with the four-course seasonal lunch menu, available midweek from January to mid-September. Eating with the seasons: Dine at Piazza Duomo during the autumn and experience Crippa’s white truffle-focused menu. The most famous ingredient of the Langhe region, indulge in eight courses showcasing the intense flavour of the fungus. Come spring, expect peas and cuttlefish in a reduction made from its ink. Steeped in history: The dishes that land on your table have historical nods at every turn. Snails and polenta, for example, feature escargot first bred by Benedictine monks. The herbs used to feed these snails were the same monks used for their own medicines and infusions. Today, these herbs appear beside the snails.",4
33,Steirereck,Vienna,https://www.theworlds50best.com/the-list/steirereck.html,https://www.steirereck.at/,"The dining room: Much like chef Heinz Reitbauer’s cuisine, the restaurant’s interior combines the historic with the uber-contemporary. The original building dates from 1904, but the striking mirrored glass extension has walls that raise up in the summer months to create semi al-fresco dining in Vienna’s green Stadtpark. The blonde wood and concrete interior is airy, stylish and sophisticated. World-leading service: Steirereck has long been a feature at the upper end of The World’s 50 Best Restaurants list – and while that’s undoubtedly down to the chef’s vision and skill, it’s also a reflection of the outstanding and ever-evolving hospitality that is proffered, all orchestrated by doyenne of the dining room, Birgit Reitbauer. Her warmth, attention to detail and deep knowledge is reflected across the team and has created an atmosphere that attracts global gourmets as well as locals. Austria on a plate: Chef Reitbauer, who took over the family restaurant almost 20 years ago, has forged a unique culinary identity, which is heavily research-driven, sustainable and, of course, delicious. It’s also fundamentally Austrian, with numerous unknown or long-forgotten ingredients brought to the fore, including rare breeds of meat and fish and near-extinct fruit and vegetable varieties. Herbs and vegetables are grown on the building’s rooftop alongside its own beehives. Dishes on the exquisite tasting menu (there’s also an a la carte option) include pheasant with yacon, gooseberry and kale; young artichoke with bergamot, nettle and chicken velouté; and kohlrabi with oats, apple and parsley.",4
34,Enigma,Barcelona,https://www.theworlds50best.com/the-list/enigma.html,https://enigmaconcept.es/,"Attitude is everything: Albert Adrià is many things – ironic, spontaneous, humble – but most of all, the Catalan chef is highly talented. At Enigma, he has channelled all his creative energy and 35 years of experience into his most personal restaurant yet. Thanks to a determined and relentless process of evolution, Enigma has emerged as a one of the highlights of Barcelona’s gastronomic scene. Here, seasonal ingredients are imbued with the chef’s genius, subtle touch, to create delicate, beautiful and delicious dishes. The tasting menu is comprised of around 25 courses and changes regularly. Living legend: The same spirit of creative freedom that created a gastronomic revolution at El Bulli (where Adrià worked from 1985-1997 and five-time The World’s Best Restaurant in 2002, 2006, 2007, 2008 and 2009) can be found today at Enigma. Inside the fantastical space, designed by the prestigious firm RCR Arquitectes, there’s room for everything, from the simplest idea to the most elaborate dish. Here, nothing goes unquestioned and this playful challenging of fine dining’s norms allows the youngest of the Adrià brothers to treat each diner as an individual, aiming to spark curiosity and a profound personal engagement. Enigma by name, Enigma by nature: Previously, guests were asked to refrain from sharing their meals on social media, but this has since been relaxed. However, a sense of mystery still enshrouds Enigma: guests must enter a secret code (issued upon reservation) to enter the restaurant, and the menu is only provided after the last dish has been served, allowing diners to approach each plate with curiosity and with no preconceptions. This may prove daunting for some, but experienced gourmands looking for a culinary adventure will not be disappointed.",4
35,Nusara,Bangkok,https://www.theworlds50best.com/the-list/nusara.html,https://www.nusarabkk.com/,"Big name, small venue: Thitid ‘Ton’ Tassanakajohn is one of the hottest chefs in Asia. He opened Nusara in 2020 alongside his brother, Chaisiri ‘Tam’ Tassanakajohn. The restaurant honours the memory of their beloved grandmother, whom it’s also named after. The snug dining room, which can only accommodate around 10 guests, quickly became one of the most sought-after reservations in town and in 2025, the restaurant makes its debut on The World’s 50 Best Restaurants list. Culinary style: Passionate about highlighting his country’s ingredients, at his second fine-diner, Tassanakajohn draws inspiration from his family’s recipes as well as cookbooks from the royal kitchens of King Rama V, who ruled Thailand from 1868 to 1910. But with the chef’s mind firmly focused on the future, the result is a singular brand of modern Thai cuisine that blends history with innovation. It’s much like the vibrant neighbourhood it calls home, where ancient markets and famous Buddhist temples stand side-to-side with contemporary architecture on the banks of the Chao Phraya River. Notable dishes: The hyper-colourful blue swimming crab curry has become one of the restaurant’s most recognisable plates, served with crispy rice noodles. The punchy, spicy starter is the perfect introduction to a meal that majors on classic Thai flavours reimagined with extra oomph. Mains are served family-style, as is the country’s tradition, so prepare to be impressed by the variety of flavours.",4
36,Florilège,Tokyo,https://www.theworlds50best.com/the-list/florilege.html,https://www.aoyama-florilege.jp/,"Ringside seats: At Florilège, chef Hiroyasu Kawate serves his creative tasting menus of contemporary French-accented cuisine in a spacious, theatrical setting. The plush counter seating running three sides of the expansive open kitchen allows guests to watch their dishes being prepared, while also interacting directly with the front and back-of-house teams throughout the meal. Cooking in his DNA: Kawate comes from a family of chefs: as a child, he never had any doubt that he wanted to follow the same path. After working at Le Jardin des Sens in Montpellier, France, for a year, he returned to Tokyo in 2007 as sous chef at Quintessence under chef Shuzo Kishida. He opened Florilège in 2009, won two Michelin stars in 2018 and five years later, was voted by his peers as the recipient of the Inedit Damm Chefs' Choice Award 2023, as part of Asia’s 50 Best Restaurants. In the autumn of the same year, the restaurant was relocated to the ultra-modern Azabudai Hills, the tallest building in Tokyo. Sustainability on the menu: Kawate has a passion for sustainability. Wherever possible he uses locally sourced ingredients, imbuing his menus with a distinctive Japanese character. Nowadays, Kawate and his team are committed to serving less meat and seafood and more vegetables, reflected in the plant-forward tasting menus.",4
37,Orfali Bros,Dubai,https://www.theworlds50best.com/the-list/orfali-bros.html,https://orfalibros.com/,"Double top: The Orfali brothers from Aleppo, Syria, have created a genuinely unique dining experience in multi-cultural Dubai, guiding their unpretentious bistro to the top of the Middle East & North Africa’s 50 Best Restaurants ranking for three consecutive years, and now re-entering The World’s 50 Best Restaurants list in 2025. Opened in 2021, the impact of Orfali Bros during its short lifetime to date cannot be underestimated. Treble trouble: There are three brothers, all of them in the kitchen. Oldest brother Mohammad is the head chef, primary communicator and driving force in this family affair. An established TV cook and restaurant chef in the Middle East, he has taken ingredients, techniques, traditions and influences from across the world and used them to create his own take on Arabic cuisine. While Mohammad runs the savoury kitchen, two younger brothers, Wassim and Omar, hover one storey above in their own pastry world. Both are classic pâtissiers in the French mould, but with contrasting approaches, leading to a stellar selection of pastries, buns, éclairs and desserts that pepper the menu. Singular menu: Anything goes, as long as the Orfali brothers love to eat it. They mix traditional Syrian staples with pan-regional favourites, European culinary tropes with Asian ingredients to create a menu that defies categorisation. ‘Rules are meant to be bent and broken, with respect to our tradition,’ is one of team’s mantras.",4
38,Frantzén,Stockholm,https://www.theworlds50best.com/the-list/frantzen.html,https://www.restaurantfrantzen.com/,"Landmark dining destination: Frantzén was one of the first globally renowned restaurants to create a genuinely immersive setting. Guests arrive in one room and take a tour of the beautiful property while being served seriously futuristic and delicious dishes as they meander their way around the multi-storey townhouse. What’s the story? The restaurant began with humble origins as a bijou dining room in Stockholm’s old town, before closing in 2016 to relocate to larger premises. Set across three storeys of a spruced-up 19th-century building in the Norrmalm district, the restaurant reopened in 2017 and it’s been making impressive progress ever since. In the kitchen: Björn Frantzén is a former professional footballer who started out as a chef in the Swedish army before working at Chez Nico in London, Arpège in Paris and Stockholm’s Edsbacka Krog. He co-founded original iteration Frantzén/Lindeberg in 2008.",4
39,Mayta,Lima,https://www.theworlds50best.com/the-list/mayta.html,https://www.maytalima.com/,"What’s the hype? On its 10-year anniversary in 2018, Mayta moved to new premises with a revamped interior and totally redesigned menu. Since then, its star has been ascending, entering into Latin America’s 50 Best Restaurants in 2019 and making its debut on The World’s 50 Best Restaurants list in 2022. Chef Jaime Pesaque’s refined Peruvian cuisine now draws diners from all over the globe. On the menu: With its nine-course Mayta Experience tasting menu focusing on Peruvian ingredients, the restaurant serves dishes such as corn with chullpi (traditional Peruvian corn) and quinoa flower, or ribs with potatoes, cushuro (blue-green algae) and chincho (a Peruvian herb). Each plate is a work of art, with colourful produce front and centre, such as thinly sliced ‘ham’ made from paiche fish shaped into an intricate rose. There’s also an a la carte menu with options like Amazonian ceviche or muña (Andean mint) tart with passionfruit ice cream and white chocolate. Preserving Peru: With great attention to sustainability, Pesaque works regularly with paiche, an Amazonian fish that needs to be eaten to prevent the destruction of other species. During the pandemic, the chef doubled down on research, working on recovering the biodiversity of the Ica (fertile desert) region of Peru with his Yachay project.",4
40,Septime,Paris,https://www.theworlds50best.com/the-list/septime.html,https://www.septime-charonne.fr/,"Perfectly Parisian: Septime is a super-cool restaurant on an ultra-cool street run by cool people and frequented by cool customers. The food is dictated by the seasons and served without pretention. What dishes can I expect? One of the biggest charms of this neo-industrial bistro is its fair pricing: $85 for five courses at lunch and $135 for seven courses at dinner. Chef Bertrand Grébaut’s modern French food has been luring diners from around the world since the rustic restaurant’s debut more than a decade ago. Expect thoughtful, ingredient-driven plates with global touches, such as delicate plates of cepes and girolles with peppercorn sauce, or young leeks in a mussel and pimenton butter topped with wafer-thin slices of lardo. More on the chef: Graphic designer-turned-chef Bertrand Grébaut, formerly of Alain Passard’s iconic Arpège, helms the kitchen, while his school friend and former economist Théo Pourriat runs the dining room and selects the wines.Plan in advance: Due to its limited number of oversubscribed seats, booking a table at Septime is not a simple task; the restaurant accepts reservations three weeks in advance, online only.",4
41,Kadeau,Copenhagen,https://www.theworlds50best.com/the-list/kadeau.html,https://www.kadeau.dk/copenhagen/,"A force on its own: Copenhagen is full of restaurants worth travelling for. Between Noma taking the title of The World’s Best Restaurant five times and Geranium being named No.1 in 2022, Kadeau has spent more than a decade quietly refining its voice. Opened in 2011 as the Copenhagen outpost of its sister restaurant on the picture-perfect Danish island of Bornholm, the restaurant remains loyal to the New Nordic Cuisine philosophy, staying close to nature and even closer to its roots. Place with a purpose: Designed by Danish design practice OEO Studio, the intimate dining room combines Scandinavian craftsmanship and Japanese minimalism with warm, earthy tones. Oak and brass define the open kitchen, designed by chef and co-owner Nicolai Nørregaard, with the space evolving visually with each menu and time of year, from growing season in summer to preservation season in winter. Nearly every plant-based ingredient comes from Kadeau’s Bornholm garden, while the ceramics, handcrafted by local artisan Torben Lov, are tailored to each course. From Bornholm with love: The menu features a lot of elegantly balanced acidity from various fermentation and preservation techniques. Every plate tells a story of place and season: for example, an Icelandic clam with cultured cream and kohlrabi mirrors the soft pastels of its custom bowl. And a scallop wrapped in fruit leather of strawberry, rosehip and plum is brilliantly offset by black seaweed and a matte black ceramic bowl.",4
42,Belcanto,Lisbon,https://www.theworlds50best.com/the-list/belcanto.html,https://belcanto.pt/,"Origin story: A legendary Lisbon establishment that opened its doors as a men’s club in 1958, Belcanto took on a new life when chef José Avillez took the helm in 2012. In 2019, Avillez moved the restaurant to bigger and better premises – next door. Under his culinary navigation, Belcanto has progressed to become the finest in Portugal. The low-down: The intimate restaurant lies under vaulted ceilings and minimalist chandeliers, while light streams through the high windows. Belcanto’s home offers its 45 guests two tasting menus, which take diners on a gastronomic journey of contemporary Portuguese cuisine, as well as an a la carte for those who prefer the luxury of choice. Highlight dishes? Standout plates include cured and smoked red mullet with Algarve carrot and a parsley emulsion; matured beef sirloin paired with an onion tart, spinach and almond spread; and the whimsically named, The Garden of the Goose that Laid the Golden Eggs, which features egg with crunchy bread and mushrooms. A taste of the seas comes from scarlet shrimp with green curry, sprouts and apple.",4
43,Uliassi,Senigallia,https://www.theworlds50best.com/the-list/uliassi.html,https://www.uliassi.com/,"Stunning surrounds: Sitting like a pearl between the marina and the beach, Uliassi is set in a beautiful white wooden structure with an iconic summer balcony overlooking the sea. The location is home to head chef Mauro and maître d' sister Catia Uliassi, who welcome guests to this unique restaurant with open arms. Classic and contemporary: Uliassi’s cuisine is now a well-known reference for gourmets from all over the world. It manages to move seamlessly between classical and innovative plates, all at a super-premium level. This is thanks to the Uliassi Lab: a creative effort involving the entire team, which gathers to come up with new, exciting ideas during the winter months. Marrying land and sea: The uniqueness of Uliassi’s cuisine is found in the chef’s study of marine flavours and how they meet – and ‘contaminate’ – meat-based products. It’s part of a sea-land exchange typical of the Marche regional tradition. Thanks to a careful balancing act between ingredients, consistencies, techniques and temperatures, every dish manages to surprise and delight.",4
44,La Cime,Osaka,https://www.theworlds50best.com/the-list/la-cime.html,https://www.la-cime.com/,"Who, what, when, where: Located in central Osaka’s business district, Hommachi, La Cime showcases the impeccable modern French cuisine of chef Yusuke Takada. Having trained in Lyon and worked in Paris at renowned eateries Le Taillevent and Le Meurice, Takada opened La Cime as his own venture in 2010. What’s on the plate? Takada’s menu is elaborate, precise, creative, beautifully executed and unfailingly tasty. Along with premium seafood and produce from western Japan, don’t be surprised if you also find citrus and other produce that reflect his origins from subtropical Amami Oshima, a small island in the far south of the country. The signature dish, the Boudin Dog, a batter-fried morsel of boudin noir (blood sausage), coloured with edible bamboo and charcoal eaten in a single bite, cannot be missed. Dramatic dining: The walls and ceilings of the stylish and minimalist dining room are painted black, with black chairs too, accented by crisp white tablecloths and warm wooden floors.",4
45,Arpège,Paris,https://www.theworlds50best.com/the-list/arpege.html,https://www.alain-passard.com/,"Expect the unexpected: Though most restaurants of its ilk lean into all that is predictable and precise, chef Alain Passard and the team at Arpège conspire to create an experience that is anything but. Ruled by seasonality, and taking advantage of ingredients at their best, this is an off-the-cuff approach to fine dining, that sometimes even deviates from the menu. The result is a distinct, immersive and engaging experience with every visit. Elevating veg: Famously removing meat from the menu before it was popular and fondly referred to as the 'maestro' of vegetarian cuisine, Passard caused a small revolution while making non-meat eaters very happy. While some protein has since crept back into some dishes since his 2001 announcement, the stars of the menu are undoubtedly vegetables and plant-based ingredients. What’s on the plate?: Think remarkable French ingredients delivered with layered delicacy: cauliflower of three colours paired with shallots and herb sauce; white asparagus, named The Belle of the Sarthe Valley, topped with slices of kiwi and radish; and a deceptively simple yet memorable crème brûlée. The restaurant’s mostly animal-free dishes also lend themselves to adaptations to accommodate dietary requirements, which still isn’t as common as it should be in the realm of fine dining.",4
46,Rosetta,Mexico City,https://www.theworlds50best.com/the-list/rosetta.html,https://rosetta.com.mx/,"Origin story: Elena Reygadas was an English literature student before she became a chef – a profession she took an interest in by chance while working odd jobs following graduation. But after studying at the French Culinary Institute in New York and spending four seminal years working at Locanda Locatelli in London, she returned to her native Mexico City in 2010 determined to open her own restaurant. Taste of Mexico: Reygadas’ cuisine has developed and changed over the years. Having started out with a soft spot for fresh pastas and Italian-influenced recipes, her food became more Mexico-centric over time, as the chef extensively researched her country’s culinary traditions. The focus is now on re-interpreting traditional dishes in a new light. Try this taco: Reygadas’ interpretation of the ubiquitous Mexican taco comprises savoy cabbage leaves rather than a corn tortilla. The traditional sauce, pipián, is made from pistachio instead of pumpkin seeds and is accompanied by romeritos, a herb native to Mexico and often associated with Christmas festivities, rather than meat.",4
47,Vyn,Skillinge,https://www.theworlds50best.com/the-list/vyn.html,https://vynrestaurant.se/,"What makes it special: Vyn (meaning ’view’ in Swedish) is as much about the place as it is about the food of one of Sweden’s best chefs. It starts with the trip from Copenhagen or Stockholm to southern Sweden, to Daniel Berlin’s homeland of Skåne: a region of dreamy pastoral landscapes, picturesque villages and, on arrival, stunning views of the Baltic Sea. It’s a place to relax, immerse yourself in the beauty of nature, and enjoy life. About the chef: After closing his previous restaurant in September 2020 due to family reasons, the news of Daniel Berlin reopening at a different place at the end of 2023 caused a stir in the culinary world. Admired as much for his integrity and authenticity as for his exquisite skills in the kitchen, Berlin draws inspiration from the fields, forests and coastlines of Skåne – guided by a profound personal connection to the region. Nature at its core: Rooted in sustainability and local tradition, Berlin’s roughly 16-course menu reflects a nose-to-tail philosophy, built on ingredients that are foraged, grown and hunted from nearby landscapes and shores. Guided by the seasons and shaped by nature, the menu reflects the coastal setting, with warm king crab, butter-poached langoustine and local favourite Kalix löjrom (vendace roe) being frequent highlights. His hot and cold scallop, pan-fried with cold metal discs on top and served in a dill sugar kelp and caramelised apple sauce, is as simple as it is genius.",4
48,Celele,Cartagena,https://www.theworlds50best.com/the-list/celele.html,https://celelerestaurante.com/,"Meet the chef: Chef Jaime Rodríguez spent years exploring the Caribbean coast of Colombia with former restaurant partner Sebastián Pinzón, meeting Indigenous people, discovering new flavours and ingredients and documenting recipes that were in danger of being lost. This research project, called Proyecto Caribe Lab, continues to inform the restaurant’s concept today, now led by Chef Rodríguez alone. What’s the experience? Diners can choose from the a la carte menu that explores everything the Caribbean coast has to offer, accompanied by thoughtful drinks flights of regional craft beers, cocktails made with Colombian fruits, fermented spirits and wines. Around 90 per cent of the products on the menu are from the Caribbean, with 70 per cent from wild harvests. Expect to try rare ingredients like orejero (tree seeds often made into a sweet paste), guaimaro (maya nut), pomarrosa (malay apples that taste like rosewater) and jumbalee (a wild fruit). What will I eat? Dishes include Caribbean flower salad with pickled cashews and passion fruit dressing; squid and mussels with a mussel broth reduction and plantain dumplings; the signature Celele de Cerdo of confit pork terrine, preserved sweet peppers, Caribbean beans, cabbage and pork broth; or fish salpicón, with yam and coconut bechamel and local cheese crumble.",4
49,Kol,London,https://www.theworlds50best.com/the-list/kol.html,https://kolrestaurant.com/,"The chef: Born in Mexico, Santiago Lastra launched Kol in late 2020 with a vision to produce authentic Mexican food using predominantly UK ingredients. It was no little task, considering that fundamental Latin American produce such as citrus and avocado does not grow within Britain’s shores. As such, after many research trips scouring all corners of the UK, Lastra devised innovative replacements – like sea buckthorn in place of lime – giving a distinctly British nuance to his cuisine. The only products the restaurant imports are true Mexican essentials: corn for the tortillas, chocolate and native chillies. Mexico to Marylebone: Lastra spent many of his formative years as a chef in Europe, working at the likes of 50 Best heavyweight Mugaritz. However, arguably his career-defining moment came when René Redzepi asked him to set up and run Noma’s Mexico pop-up in Tulum in 2016. Such was its success, it helped Lastra find backers for his solo project, which fast became one of London’s hottest tickets in the city’s post-pandemic restaurant renaissance. What’s on the plate? On the ever-evolving tasting menu, Lastra’s signature langoustine taco has been the only mainstay since launch. The taco arrives pre-assembled and ready to roll, with the crustacea head served separately, designed to be squeezed onto the dish for added umami depth. Other seasonal highlights might include the lamb saddle with rye koji, wood sorrel on a bed of rich mulato mole.",4
50,Jan,Munich,https://www.theworlds50best.com/the-list/restaurant-jan.html,https://jan-hartwig.com/en/,"What makes it special? Jan is the first solo venture of chef Jan Hartwig, one of Germany’s most acclaimed young chefs, who redefines German haute cuisine with bold creativity, precision and soul. His tasting menus showcase technical brilliance while honouring heritage and regional ingredients in original, emotion-driven ways. Labour of love: Minimalist, calm and warmly lit, the restaurant is adorned with artworks by South German artist Stefan Strumbel and opens directly onto Hartwig’s open-plan kitchen – also known as his “laboratory of love”. It’s a space where tradition and innovation meet, and diners can witness the culinary craftsmanship of a loyal and dedicated team. Craft and confidence: Raised in the north-German region of Lower Saxony in a family with a gastronomic background, Hartwig discovered his passion for cooking early. Trained in classical French technique, he is shaping a distinct culinary voice that is German at heart and global in reach. He insists on cooking every sauce himself and mastering every detail, resulting in ever-changing menus that are confident and deeply personal.What’s on the menu? Each course reflects deep thought and meticulous execution. A tartlet of foie gras mousse with finger lime pearls and smoked maple syrup is layered with paper-thin pecan crisps – a decadent burst of texture and taste. Sea Urchin Louise with jellied oxtail, crème fraîche and chives is a delicate, yet flavour-packed homage to his young daughter. Elsewhere, trout from Schliersee, an idyllic freshwater lake near Munich, with iceberg lettuce, jalapeño, kohlrabi, horseradish, pumpernickel, dill and sauerkraut beurre blanc, evokes alpine purity.",4
51,Alcalde,Guadalajara,,https://alcalde.com.mx,Mexican cuisine with a focus on local ingredients.,4
52,Schloss Schauenstein,Fürstenau,,https://www.schauenstein.ch,Fine dining in a historic castle.,4
53,Den,Tokyo,,https://www.jimbochoden.com/en/,"Playful, modern Japanese ""Kaiseki"" with a personal touch.",4
54,El Chato,Bogotá,,https://elchato.co,Contemporary Colombian bistro.,4
55,La Colombe,Cape Town,,https://lacolombe.restaurant,Asian-influenced fine dining with French techniques.,4
56,Jordnær,Copenhagen,,https://www.restaurant-jordnaer.com,High-end seafood and Nordic flavors.,4
57,Onjium,Seoul,,http://www.onjium.org,Traditional Korean culinary research and dining.,4
58,Restaurant Tim Raue,Berlin,,https://tim-raue.com,Asian-inspired cuisine by the famous German chef.,4
59,Nobelhart & Schmutzig,Berlin,,https://www.nobelhartundschmutzig.com,"""Vocally local"" produce-driven dining.",4
60,Pujol,Mexico City,,https://pujol.com.mx,Iconic modern Mexican by Enrique Olvera.,4
61,Nuema,Quito,,https://www.nuema.ec/,Avant-garde gastronomy showcasing Ecuador's biodiversity.,4
62,Willem Hiele,Oudenburg,,https://willemhiele.be/,Terroir-driven cooking in a rural setting.,4
63,Bozar,Brussels,,https://www.bozar.be/,Refined Belgian cuisine in the Center for Fine Arts.,4
64,Fu He Hui,Shanghai,,https://guide.michelin.com/en/shanghai-municipality/shanghai/restaurant/fu-he-hui,High-end vegetarian Chinese cuisine.,4
65,Quique Dacosta,Dénia,,https://www.quiquedacosta.es/,Avant-garde Mediterranean cuisine.,4
66,Saint Peter,Sydney,,https://www.saintpeter.com.au/,"Josh Niland’s ""fish butchery"" and sustainable seafood.",4
67,Arca,Tulum,,https://arcatulum.com/,Open-fire cooking in the jungle.,4
68,Masque,Mumbai,,https://www.masquerestaurant.com/,Ingredient-driven modern Indian tasting menus.,4
69,Hiša Franko,Kobarid,,https://www.hisafranko.com/,Ana Roš’s world-renowned Alpine-influenced dining.,4
70,Tuju,São Paulo,,https://tuju.com.br/,Seasonal 10-course menus by Ivan Rolston.,4
71,Sazenka,Tokyo,,https://sazenka.com/,Chinese cuisine infused with Japanese sensibility.,4
72,Chef Tam's Seasons,Macau,,https://www.wynnresortsmacau.com/en/wynn-palace/dining/chef-tams-seasons,Refined Cantonese in opulent surroundings.,4
73,Tantris,Munich,,https://www.tantris.de/,A legendary institution for French haute cuisine.,4
74,Mountain,London,,https://mountainbeakstreet.com/,Wood-fired Spanish-influenced cooking in Soho.,4
75,Mil,Cusco,,https://milcentro.pe/,Virgilio Martínez’s high-altitude research center and restaurant.,4
76,Leo,Bogotá,,https://restauranteleo.com/,Leonor Espinosa’s exploration of Colombian biomes.,4
77,Le Doyenné,Saint-Vrain,,https://ledoyennerestaurant.com/,Farm-to-table dining in a restored barn.,4
78,Cocina Hermanos Torres,Barcelona,,https://cocinahermanostorres.com/,Open-kitchen spectacle by twin brothers.,4
79,Coda,Berlin,,https://coda-berlin.com/,Dessert-only fine dining concept.,4
80,SingleThread,Healdsburg,,https://www.singlethreadfarms.com/,Farm-driven Japanese-influenced dining in Sonoma.,4
81,Oteque,Rio de Janeiro,,https://www.oteque.com/,Modern seafood-focused tasting menus.,4
82,Fyn,Cape Town,,https://fynrestaurant.com/,Neoclassical Japanese-South African fusion.,4
83,A Casa do Porco,São Paulo,,https://acasadoporco.com.br/,Jefferson Rueda’s nose-to-tail pork celebration.,4
84,Aponiente,El Puerto de Santa María,,https://www.aponiente.com/,"Ángel León’s ""Chef of the Sea"" marine innovation.",4
85,Txispa,Atxondo,,https://txispa.com/,Japanese-Basque grill by Tetsuro Maeda.,4
86,The Clove Club,London,,https://thecloveclub.com/,Modern British fine dining in Shoreditch.,4
87,Mugaritz,San Sebastián,,https://www.mugaritz.com/,Andoni Luis Aduriz’s experimental culinary lab.,4
88,Salsify at the Roundhouse,Cape Town,,https://salsify.co.za/,Modern fine dining with Atlantic views.,4
89,Huniik,Mérida,,https://huniik.com/,Contemporary Mayan-influenced cuisine.,4
90,Le Bernardin,New York,,https://www.le-bernardin.com/,Eric Ripert’s legendary French seafood temple.,4
91,Koan,Copenhagen,,https://www.koancph.dk/,Korean-influenced Nordic cuisine.,4
92,Al Gatto Verde,Modena,,https://www.ristorantealgattoverde.com/,Wood-fired sustainable cooking by Jessica Rosval.,4
93,Burnt Ends,Singapore,,https://burntends.com.sg/,Dave Pynt’s iconic modern Australian barbecue.,4
94,Meet the Bund,Shanghai,,https://www.bfcsh.com/,Refined Fujianese cuisine.,4
95,Evvai,São Paulo,,https://www.evvai.com.br/,Modern Italian-Brazilian fusion.,4
96,Atelier Crenn,San Francisco,,https://www.ateliercrenn.com/,"Dominique Crenn’s ""Poetic Culinaria.""",4
97,Labyrinth,Singapore,,https://www.restaurantlabyrinth.com/,"""New Expression"" of Singaporean flavors.",4
98,César,New York,,https://cesar.restaurant/,César Ramirez’s minimalist Manhattan spot.,4
99,Amisfield Restaurant,Queenstown,,https://amisfield.co.nz/,"Wild, hunted, and foraged Kiwi ingredients.",4
100,Neolokal,Istanbul,,https://www.neolokal.com/,Modern Turkish heritage produce and sustainable farming.,4
